Id,LeaseTypeId,InsuranceRequired,MonthlyPayment,Description,CreateDate,UpdateDate
1,2,0,944.88,Exclusive,3/17/2024,4/5/2024
2,3,1,158.71,Basic,3/15/2024,4/6/2024
3,3,1,670.64,Basic,4/6/2024,3/30/2024
4,3,0,83.41,Standard,3/14/2024,4/1/2024
5,2,0,161.69,Basic,4/2/2024,4/5/2024
6,1,0,395.46,Standard,3/19/2024,3/31/2024
7,4,0,483.5,Basic,3/10/2024,4/5/2024
8,3,1,9.62,Exclusive,3/13/2024,3/30/2024
9,2,1,819.27,Standard,4/2/2024,4/3/2024
10,2,0,447.97,Exclusive,3/22/2024,4/1/2024
11,1,1,584.15,Basic,3/23/2024,4/2/2024
12,2,1,311.74,Basic,3/25/2024,4/4/2024
13,2,1,598.62,Basic,3/21/2024,3/30/2024
14,2,1,893.25,Premium,3/25/2024,4/4/2024
15,4,0,459.81,Basic,3/16/2024,4/1/2024
16,4,1,884.54,Premium,3/29/2024,4/6/2024
17,3,1,701.95,Standard,3/31/2024,4/3/2024
18,3,0,492.42,Premium,3/18/2024,3/31/2024
19,2,0,15.79,Premium,4/3/2024,4/6/2024
20,4,1,717.17,Exclusive,3/31/2024,4/5/2024
21,4,0,189.6,Premium,3/15/2024,4/4/2024
22,3,0,578.44,Basic,4/6/2024,4/5/2024
23,4,1,634.95,Premium,3/31/2024,4/2/2024
24,3,1,504.62,Exclusive,3/23/2024,4/1/2024
25,1,1,593.5,Exclusive,3/23/2024,3/31/2024
26,4,1,160.42,Basic,3/12/2024,4/5/2024
27,1,1,219.78,Standard,3/18/2024,4/6/2024
28,2,0,71.86,Exclusive,3/18/2024,4/3/2024
29,4,0,41.13,Exclusive,3/28/2024,4/2/2024
30,4,1,128.98,Basic,3/17/2024,4/6/2024
31,4,0,123.87,Standard,3/24/2024,4/1/2024
32,4,0,844.05,Premium,3/30/2024,4/6/2024
33,1,0,324.21,Premium,3/10/2024,3/31/2024
34,3,1,999.16,Basic,3/13/2024,3/29/2024
35,4,0,486.11,Exclusive,3/28/2024,4/3/2024
36,4,0,893.91,Basic,3/31/2024,4/1/2024
37,3,1,76.87,Exclusive,3/27/2024,4/5/2024
38,1,0,400.69,Standard,3/31/2024,4/3/2024
39,2,0,467.19,Premium,4/1/2024,4/3/2024
40,2,1,5.97,Standard,3/26/2024,4/2/2024
41,1,1,182.35,Premium,4/3/2024,4/4/2024
42,2,0,521.55,Exclusive,3/25/2024,3/31/2024
43,1,0,751.96,Exclusive,3/18/2024,3/31/2024
44,4,0,291.59,Standard,3/31/2024,4/2/2024
45,1,0,754.87,Standard,3/21/2024,3/30/2024
46,4,1,71.31,Exclusive,3/15/2024,4/2/2024
47,2,1,126.95,Standard,3/29/2024,3/29/2024
48,2,1,518.48,Premium,4/3/2024,4/3/2024
49,1,0,184.99,Exclusive,3/15/2024,4/4/2024
50,1,1,219.44,Exclusive,3/26/2024,4/6/2024
51,3,0,96.16,Exclusive,3/12/2024,4/5/2024
52,2,1,859.23,Premium,4/6/2024,3/30/2024
53,2,0,995.92,Standard,3/23/2024,4/2/2024
54,4,0,666.73,Premium,3/22/2024,3/30/2024
55,1,0,691.47,Premium,3/17/2024,4/1/2024
56,3,1,398.92,Exclusive,4/4/2024,4/5/2024
57,2,0,417.99,Basic,3/31/2024,4/5/2024
58,3,0,252.59,Basic,3/18/2024,4/3/2024
59,4,0,135.74,Standard,3/14/2024,4/3/2024
60,2,0,803.52,Standard,3/9/2024,4/4/2024
61,3,1,33.43,Standard,4/1/2024,4/2/2024
62,4,1,812.13,Standard,4/5/2024,4/6/2024
63,4,1,788.23,Basic,3/18/2024,3/31/2024
64,2,1,297.92,Basic,3/27/2024,3/30/2024
65,2,0,336.52,Premium,3/9/2024,3/29/2024
66,1,0,789.24,Basic,4/2/2024,4/5/2024
67,3,1,396.92,Premium,3/29/2024,3/29/2024
68,4,0,76.78,Premium,3/16/2024,3/29/2024
69,3,1,379.51,Standard,3/19/2024,4/2/2024
70,2,0,843.02,Standard,3/29/2024,3/29/2024
71,1,1,589.14,Standard,3/17/2024,3/29/2024
72,4,1,557.1,Basic,3/16/2024,3/30/2024
73,1,0,989.39,Basic,3/26/2024,4/6/2024
74,4,0,841.13,Standard,3/16/2024,3/31/2024
75,3,1,173.7,Exclusive,3/29/2024,4/1/2024
76,2,0,541.79,Standard,4/3/2024,4/4/2024
77,2,1,455.76,Basic,3/25/2024,3/30/2024
78,4,1,557.6,Exclusive,4/6/2024,4/3/2024
79,3,0,695.78,Basic,4/5/2024,4/1/2024
80,2,0,250.89,Premium,4/1/2024,4/2/2024
81,2,0,132.51,Exclusive,3/11/2024,3/30/2024
82,3,1,641.64,Exclusive,4/5/2024,3/29/2024
83,3,1,295.87,Exclusive,3/26/2024,4/2/2024
84,3,1,519.72,Premium,4/2/2024,3/30/2024
85,3,0,730.7,Premium,3/19/2024,4/2/2024
86,3,0,703.68,Standard,3/13/2024,4/2/2024
87,2,1,455.35,Standard,3/28/2024,4/4/2024
88,2,0,614.77,Premium,4/1/2024,3/29/2024
89,2,0,896.55,Exclusive,3/20/2024,4/5/2024
90,1,0,978.83,Basic,3/17/2024,4/3/2024
91,3,1,550.5,Premium,3/22/2024,3/29/2024
92,1,0,223.6,Standard,3/26/2024,4/2/2024
93,4,1,798.79,Standard,3/16/2024,4/6/2024
94,1,1,815.61,Exclusive,3/9/2024,4/1/2024
95,3,0,738.17,Standard,3/27/2024,4/2/2024
96,4,0,515.28,Standard,4/4/2024,3/31/2024
97,4,0,940.4,Basic,3/12/2024,4/2/2024
98,4,1,36.8,Basic,3/15/2024,3/31/2024
99,2,1,941.28,Exclusive,3/23/2024,4/2/2024
100,2,1,146.47,Exclusive,4/5/2024,4/2/2024
101,1,1,422.02,Premium,3/24/2024,3/29/2024
102,3,1,452.62,Standard,3/9/2024,3/31/2024
103,3,0,795.03,Basic,3/28/2024,4/3/2024
104,3,1,264.29,Basic,3/23/2024,4/5/2024
105,2,0,346.75,Standard,4/6/2024,3/30/2024
106,4,0,35.77,Basic,4/1/2024,3/31/2024
107,1,0,305.28,Premium,4/4/2024,4/3/2024
108,3,0,995.4,Premium,4/6/2024,4/1/2024
109,4,0,530.04,Exclusive,3/20/2024,4/3/2024
110,2,1,571.26,Exclusive,3/9/2024,4/2/2024
111,3,1,756.7,Premium,3/25/2024,4/2/2024
112,1,1,936.38,Standard,4/6/2024,4/6/2024
113,2,1,282.84,Premium,3/12/2024,4/3/2024
114,1,0,860.31,Standard,3/16/2024,4/5/2024
115,4,1,972.98,Premium,4/4/2024,4/4/2024
116,3,0,250.79,Premium,3/30/2024,4/1/2024
117,1,0,113.76,Basic,3/26/2024,4/3/2024
118,1,1,649.08,Premium,3/31/2024,3/30/2024
119,2,0,120.09,Basic,3/15/2024,4/6/2024
120,4,0,478.75,Premium,3/28/2024,4/6/2024
121,4,0,565.28,Exclusive,3/28/2024,4/2/2024
122,2,1,202.48,Exclusive,4/3/2024,4/4/2024
123,3,1,746.74,Basic,3/31/2024,4/4/2024
124,2,1,951.33,Basic,3/24/2024,4/3/2024
125,1,1,183.57,Premium,4/3/2024,4/6/2024
126,2,1,129.4,Exclusive,3/18/2024,4/3/2024
127,3,0,276.93,Premium,3/13/2024,3/31/2024
128,2,0,103.94,Basic,3/22/2024,4/4/2024
129,1,0,162.1,Premium,3/16/2024,4/5/2024
130,3,0,684.48,Exclusive,3/23/2024,4/5/2024
131,4,0,682.56,Standard,4/1/2024,4/6/2024
132,3,0,844.9,Premium,4/3/2024,4/2/2024
133,3,0,418.66,Premium,4/2/2024,3/30/2024
134,4,1,517.83,Exclusive,3/23/2024,4/3/2024
135,1,1,529.49,Standard,3/19/2024,4/4/2024
136,2,1,886.06,Standard,3/16/2024,4/5/2024
137,1,1,70.71,Exclusive,4/6/2024,3/31/2024
138,3,0,60.37,Premium,3/12/2024,3/30/2024
139,4,0,555.83,Exclusive,3/30/2024,3/31/2024
140,2,1,261.44,Standard,3/9/2024,4/2/2024
141,2,1,121,Standard,3/16/2024,4/6/2024
142,4,0,188.42,Premium,3/28/2024,3/30/2024
143,3,1,459.85,Premium,3/31/2024,4/6/2024
144,4,0,774.18,Exclusive,3/24/2024,4/6/2024
145,1,1,653.91,Premium,3/18/2024,3/30/2024
146,1,0,106.53,Standard,3/29/2024,3/31/2024
147,3,1,262.51,Standard,4/2/2024,3/30/2024
148,2,1,507.98,Basic,3/13/2024,4/2/2024
149,4,1,457.89,Premium,3/17/2024,4/3/2024
150,2,0,761.98,Exclusive,3/9/2024,3/29/2024
151,2,0,865.48,Premium,3/13/2024,4/5/2024
152,4,1,218.32,Premium,3/12/2024,4/5/2024
153,2,1,717.14,Exclusive,3/19/2024,4/5/2024
154,4,1,978.4,Basic,3/18/2024,3/31/2024
155,1,1,200.04,Basic,3/19/2024,4/5/2024
156,2,1,474.57,Premium,3/22/2024,4/3/2024
157,2,0,476.06,Exclusive,3/26/2024,4/6/2024
158,4,0,961.74,Basic,4/1/2024,3/30/2024
159,2,0,429.11,Basic,3/13/2024,4/4/2024
160,4,0,324.17,Basic,3/18/2024,3/30/2024
161,3,1,702.32,Basic,3/21/2024,4/5/2024
162,2,0,718.56,Standard,3/9/2024,4/2/2024
163,4,0,885.59,Basic,4/2/2024,4/5/2024
164,1,0,763.69,Basic,3/9/2024,4/4/2024
165,3,0,121.71,Basic,3/27/2024,4/3/2024
166,3,1,715.47,Standard,4/2/2024,3/29/2024
167,1,1,837.07,Exclusive,4/2/2024,3/30/2024
168,1,0,518.62,Basic,3/12/2024,4/3/2024
169,1,1,582.2,Standard,3/20/2024,3/30/2024
170,4,1,228.39,Standard,4/1/2024,4/5/2024
171,4,1,312.99,Exclusive,3/25/2024,3/29/2024
172,3,1,516.5,Basic,3/20/2024,4/6/2024
173,3,1,523.88,Premium,3/22/2024,4/4/2024
174,3,0,228.86,Basic,3/22/2024,3/29/2024
175,3,1,685.2,Exclusive,3/25/2024,4/3/2024
176,1,1,411.5,Premium,3/18/2024,3/31/2024
177,4,0,734.26,Standard,3/24/2024,4/3/2024
178,1,0,190.17,Standard,3/19/2024,3/29/2024
179,4,0,813.56,Basic,3/27/2024,4/2/2024
180,2,1,552.25,Standard,3/11/2024,4/1/2024
181,2,0,512.41,Premium,3/30/2024,4/5/2024
182,3,0,564,Basic,4/3/2024,4/4/2024
183,3,1,828.26,Basic,3/20/2024,4/5/2024
184,4,1,647.29,Exclusive,4/3/2024,3/31/2024
185,1,0,350.43,Basic,3/9/2024,3/29/2024
186,4,1,504.42,Standard,3/13/2024,4/2/2024
187,1,1,452.68,Premium,4/2/2024,4/4/2024
188,4,1,285.26,Premium,3/11/2024,4/3/2024
189,1,1,680.8,Premium,3/17/2024,4/6/2024
190,3,1,64,Standard,3/28/2024,3/31/2024
191,2,1,913.94,Exclusive,3/20/2024,4/3/2024
192,2,0,631.62,Basic,3/23/2024,4/2/2024
193,3,0,942.33,Premium,4/2/2024,4/4/2024
194,3,1,524.8,Standard,3/12/2024,3/29/2024
195,3,0,309.47,Basic,3/22/2024,4/1/2024
196,1,1,561.09,Premium,3/30/2024,4/3/2024
197,3,1,446.77,Exclusive,3/28/2024,4/6/2024
198,1,1,429.47,Premium,3/10/2024,3/30/2024
199,4,0,740.69,Basic,4/6/2024,4/6/2024
200,2,1,713.94,Premium,3/12/2024,3/30/2024
201,1,0,89.18,Premium,4/6/2024,3/29/2024
202,1,0,880.35,Standard,4/5/2024,4/3/2024
203,4,1,573.14,Basic,3/17/2024,3/30/2024
204,2,0,889.52,Premium,3/31/2024,4/5/2024
205,3,0,167.24,Standard,4/2/2024,4/4/2024
206,1,1,288.78,Premium,3/30/2024,4/6/2024
207,1,0,466.71,Basic,3/16/2024,4/3/2024
208,1,0,985.19,Premium,3/11/2024,4/2/2024
209,1,0,892.69,Standard,3/17/2024,4/5/2024
210,1,1,839.48,Exclusive,3/19/2024,4/2/2024
211,3,1,449.2,Premium,3/14/2024,4/1/2024
212,3,1,467.4,Exclusive,3/13/2024,3/31/2024
213,2,1,520.12,Exclusive,3/15/2024,4/6/2024
214,2,1,630.62,Premium,3/12/2024,3/29/2024
215,4,0,82.58,Basic,3/23/2024,4/1/2024
216,3,0,188.33,Basic,3/20/2024,4/1/2024
217,4,1,955.82,Standard,3/10/2024,4/5/2024
218,3,0,415.9,Standard,3/13/2024,3/31/2024
219,4,1,511.23,Premium,3/27/2024,4/4/2024
220,4,1,938.43,Basic,3/17/2024,3/29/2024
221,4,0,384.76,Exclusive,4/1/2024,4/5/2024
222,4,1,395.9,Standard,4/5/2024,4/3/2024
223,4,0,728.81,Exclusive,3/28/2024,4/2/2024
224,2,1,344.49,Standard,3/22/2024,3/31/2024
225,1,0,92.48,Basic,3/9/2024,3/30/2024
226,2,0,911.54,Exclusive,3/29/2024,4/6/2024
227,1,0,433.04,Basic,3/26/2024,4/3/2024
228,1,1,495.83,Basic,3/19/2024,4/5/2024
229,3,1,496.38,Premium,3/22/2024,4/3/2024
230,4,1,770.55,Premium,3/20/2024,4/3/2024
231,2,1,548.2,Basic,3/14/2024,4/4/2024
232,2,1,139.53,Premium,3/22/2024,3/31/2024
233,4,0,993.15,Premium,3/24/2024,4/5/2024
234,1,0,550.15,Exclusive,3/9/2024,3/29/2024
235,3,1,424.03,Standard,3/18/2024,3/31/2024
236,4,1,947.97,Basic,3/17/2024,4/6/2024
237,2,0,648.27,Basic,3/27/2024,4/1/2024
238,2,0,210.2,Exclusive,3/16/2024,4/1/2024
239,4,0,731.12,Standard,3/29/2024,3/29/2024
240,3,0,87.18,Exclusive,4/1/2024,4/2/2024
241,3,0,3.25,Premium,4/2/2024,3/31/2024
242,4,1,558.8,Premium,3/9/2024,4/2/2024
243,1,1,809.54,Basic,3/19/2024,4/5/2024
244,3,0,390.23,Exclusive,3/17/2024,4/5/2024
245,4,1,911.81,Standard,4/3/2024,3/29/2024
246,4,1,573.1,Standard,4/1/2024,4/3/2024
247,1,1,406.92,Standard,3/18/2024,4/5/2024
248,2,1,711.37,Premium,3/13/2024,4/4/2024
249,1,0,621.77,Standard,3/24/2024,4/4/2024
250,4,0,738.2,Premium,3/20/2024,4/5/2024
251,2,0,912.39,Premium,3/26/2024,4/3/2024
252,1,0,368.32,Premium,3/25/2024,3/31/2024
253,1,1,208.45,Exclusive,4/6/2024,4/2/2024
254,2,0,887.47,Premium,3/24/2024,3/31/2024
255,4,0,687.26,Standard,3/11/2024,4/6/2024
256,1,0,638.59,Exclusive,3/19/2024,4/6/2024
257,3,0,276.47,Basic,4/2/2024,3/29/2024
258,1,1,206.13,Basic,4/4/2024,3/31/2024
259,4,0,709.57,Basic,4/1/2024,4/5/2024
260,2,0,107.95,Exclusive,3/9/2024,3/29/2024
261,4,0,234.93,Exclusive,3/28/2024,3/31/2024
262,1,0,100.98,Standard,3/9/2024,4/1/2024
263,2,1,859.86,Premium,3/10/2024,3/31/2024
264,1,1,778.28,Standard,3/31/2024,4/3/2024
265,4,1,605.06,Standard,3/20/2024,4/3/2024
266,2,1,600.07,Standard,3/18/2024,4/3/2024
267,2,1,131.25,Exclusive,3/30/2024,4/5/2024
268,2,0,67.98,Premium,3/21/2024,4/3/2024
269,3,1,643.56,Standard,3/17/2024,4/6/2024
270,4,1,20.29,Premium,3/20/2024,4/1/2024
271,1,0,65.05,Premium,3/25/2024,4/1/2024
272,3,0,155.57,Premium,3/23/2024,3/29/2024
273,2,0,24.08,Standard,3/17/2024,3/29/2024
274,3,1,327.42,Premium,4/6/2024,3/31/2024
275,3,0,768.58,Standard,4/4/2024,4/6/2024
276,4,1,916.65,Exclusive,3/21/2024,4/3/2024
277,1,0,265.35,Basic,3/16/2024,4/5/2024
278,1,0,245.2,Standard,3/19/2024,4/2/2024
279,4,1,195.61,Exclusive,3/30/2024,3/30/2024
280,3,1,826.51,Basic,3/11/2024,3/31/2024
281,2,0,604.1,Exclusive,3/16/2024,4/6/2024
282,3,0,971.74,Basic,3/24/2024,4/5/2024
283,4,1,849.28,Standard,3/9/2024,4/5/2024
284,3,0,116.42,Standard,3/9/2024,4/4/2024
285,2,0,395.02,Standard,3/9/2024,4/6/2024
286,4,1,360.57,Premium,3/22/2024,4/6/2024
287,3,0,275.5,Premium,3/27/2024,3/29/2024
288,3,0,834.07,Premium,3/10/2024,4/1/2024
289,1,1,267.4,Exclusive,3/23/2024,3/30/2024
290,3,1,853.81,Premium,3/27/2024,4/4/2024
291,1,1,123.98,Basic,4/5/2024,4/2/2024
292,3,1,658.05,Premium,3/13/2024,4/4/2024
293,4,0,446.02,Premium,3/30/2024,4/6/2024
294,4,1,702.35,Standard,3/27/2024,3/29/2024
295,2,1,855.75,Exclusive,4/4/2024,3/31/2024
296,2,0,872.38,Basic,4/4/2024,4/2/2024
297,1,0,231.26,Premium,3/29/2024,3/30/2024
298,3,0,5.04,Basic,3/17/2024,4/1/2024
299,1,0,81.98,Premium,4/6/2024,4/3/2024
300,2,0,693.13,Basic,3/23/2024,4/1/2024
301,2,0,666.81,Premium,4/4/2024,4/1/2024
302,2,1,603.57,Premium,3/18/2024,4/4/2024
303,2,1,940.9,Exclusive,3/11/2024,4/4/2024
304,1,0,977.15,Basic,3/15/2024,4/6/2024
305,2,0,322.77,Exclusive,3/14/2024,4/4/2024
306,2,1,639.57,Exclusive,3/14/2024,3/29/2024
307,4,1,628.33,Basic,3/12/2024,3/30/2024
308,4,0,296.79,Exclusive,3/13/2024,4/4/2024
309,1,1,532.12,Standard,3/17/2024,4/5/2024
310,3,0,670.14,Standard,4/2/2024,4/3/2024
311,1,1,148.64,Standard,3/28/2024,4/4/2024
312,1,1,318.83,Exclusive,3/23/2024,4/3/2024
313,4,0,913.44,Premium,3/26/2024,3/30/2024
314,4,1,805.71,Standard,3/22/2024,4/3/2024
315,4,0,340.52,Basic,3/16/2024,4/1/2024
316,2,1,604.89,Basic,3/20/2024,4/2/2024
317,4,0,466.89,Premium,4/4/2024,4/6/2024
318,2,0,380.07,Premium,3/13/2024,4/2/2024
319,1,0,951.43,Exclusive,3/14/2024,4/1/2024
320,4,0,6.93,Basic,3/22/2024,3/29/2024
321,1,1,172.3,Exclusive,3/24/2024,4/3/2024
322,4,1,909.45,Standard,3/25/2024,3/31/2024
323,4,0,186.38,Standard,4/4/2024,4/5/2024
324,3,0,257.04,Premium,3/30/2024,4/4/2024
325,3,0,260.59,Basic,3/22/2024,4/4/2024
326,1,0,554.64,Basic,3/20/2024,3/30/2024
327,3,1,430.53,Exclusive,3/10/2024,4/6/2024
328,3,1,18.91,Exclusive,3/30/2024,3/30/2024
329,3,0,438.28,Standard,3/21/2024,3/31/2024
330,3,1,550.59,Exclusive,3/12/2024,3/31/2024
331,4,0,977.16,Exclusive,3/13/2024,4/2/2024
332,3,1,243.7,Basic,3/17/2024,3/30/2024
333,4,0,636.2,Standard,3/29/2024,3/31/2024
334,4,1,458.29,Basic,3/29/2024,3/30/2024
335,3,1,551.47,Exclusive,3/18/2024,3/30/2024
336,1,0,204.22,Exclusive,3/31/2024,4/2/2024
337,2,0,93.14,Premium,3/29/2024,3/31/2024
338,3,0,918.01,Standard,3/26/2024,4/4/2024
339,3,0,255.75,Basic,3/31/2024,4/6/2024
340,4,0,77.5,Basic,3/26/2024,4/1/2024
341,1,0,230.36,Standard,3/24/2024,4/4/2024
342,2,1,256.18,Standard,3/12/2024,3/31/2024
343,3,1,293.51,Premium,3/10/2024,4/5/2024
344,4,1,990.14,Basic,3/20/2024,4/2/2024
345,4,1,502.44,Exclusive,3/10/2024,4/4/2024
346,4,0,481.35,Premium,3/22/2024,4/3/2024
347,3,1,945.36,Exclusive,3/21/2024,3/30/2024
348,2,0,602.28,Exclusive,3/26/2024,4/2/2024
349,2,1,630.41,Standard,3/27/2024,3/31/2024
350,1,1,42.63,Standard,4/2/2024,3/31/2024
351,1,0,510.02,Premium,4/2/2024,3/30/2024
352,3,1,372.5,Exclusive,3/31/2024,4/2/2024
353,4,1,887.14,Exclusive,3/13/2024,4/3/2024
354,4,0,988.86,Premium,3/27/2024,4/6/2024
355,2,0,541.99,Exclusive,3/15/2024,4/5/2024
356,3,0,623.12,Premium,3/23/2024,3/30/2024
357,1,0,333.85,Exclusive,3/19/2024,4/4/2024
358,3,0,873.07,Basic,3/29/2024,4/4/2024
359,4,1,424,Basic,3/21/2024,4/4/2024
360,2,1,702.31,Premium,3/21/2024,3/31/2024
361,1,0,561.66,Premium,3/22/2024,3/31/2024
362,1,1,25.5,Basic,3/31/2024,4/1/2024
363,3,1,16.92,Premium,3/29/2024,3/31/2024
364,1,0,417.45,Premium,3/29/2024,4/4/2024
365,1,1,833.89,Premium,3/27/2024,3/30/2024
366,2,0,335.77,Basic,3/12/2024,4/1/2024
367,2,0,611.95,Basic,3/27/2024,4/3/2024
368,1,1,803.02,Standard,3/18/2024,4/1/2024
369,2,1,852.05,Basic,3/25/2024,3/31/2024
370,1,1,537.38,Exclusive,3/12/2024,4/5/2024
371,4,0,765.91,Basic,3/30/2024,4/2/2024
372,2,1,163.19,Standard,3/23/2024,4/1/2024
373,4,1,679.25,Exclusive,3/14/2024,3/29/2024
374,4,0,230.38,Premium,3/29/2024,3/29/2024
375,2,0,657.22,Premium,3/12/2024,3/29/2024
376,2,1,741.11,Standard,4/6/2024,3/31/2024
377,3,1,392.89,Exclusive,3/21/2024,4/6/2024
378,4,1,438.83,Standard,3/30/2024,3/29/2024
379,4,0,368.47,Basic,3/20/2024,4/6/2024
380,2,1,54.9,Standard,3/27/2024,4/5/2024
381,2,0,316.22,Exclusive,4/6/2024,4/4/2024
382,4,0,8.35,Premium,3/29/2024,3/29/2024
383,3,1,637.12,Basic,3/22/2024,3/30/2024
384,4,1,892.59,Basic,3/25/2024,3/29/2024
385,1,1,760.52,Standard,4/5/2024,4/5/2024
386,2,0,394.51,Premium,3/13/2024,3/29/2024
387,3,1,903.83,Exclusive,4/5/2024,4/4/2024
388,3,0,928.84,Standard,3/23/2024,3/30/2024
389,2,1,987.03,Basic,3/26/2024,4/3/2024
390,3,0,456.03,Basic,3/21/2024,4/2/2024
391,2,1,117.95,Basic,3/26/2024,3/29/2024
392,4,0,12.67,Basic,3/14/2024,3/29/2024
393,3,1,53.7,Standard,3/30/2024,4/3/2024
394,1,0,115.76,Premium,4/5/2024,4/4/2024
395,2,1,378.02,Exclusive,4/2/2024,4/3/2024
396,2,1,134.14,Basic,3/30/2024,4/2/2024
397,2,0,21.92,Exclusive,3/14/2024,3/30/2024
398,2,1,310.77,Standard,4/1/2024,3/31/2024
399,1,0,281.63,Premium,3/13/2024,4/3/2024
400,4,0,749.04,Standard,3/23/2024,3/29/2024
401,3,1,261.76,Basic,3/21/2024,4/6/2024
402,3,1,396.62,Exclusive,3/19/2024,3/30/2024
403,4,0,201.1,Premium,3/11/2024,4/1/2024
404,3,1,60.24,Basic,3/29/2024,4/1/2024
405,2,1,711.61,Standard,3/11/2024,3/30/2024
406,4,0,547.02,Premium,4/4/2024,4/4/2024
407,1,1,391.55,Exclusive,3/27/2024,4/3/2024
408,4,1,905.89,Premium,3/15/2024,3/30/2024
409,3,1,507.16,Exclusive,3/11/2024,4/5/2024
410,3,0,992.32,Basic,3/19/2024,4/4/2024
411,3,1,664.11,Standard,3/11/2024,4/5/2024
412,1,1,778.53,Basic,4/5/2024,3/29/2024
413,2,0,744.26,Standard,3/11/2024,3/30/2024
414,3,1,650.82,Basic,3/24/2024,4/2/2024
415,2,1,55.64,Premium,4/3/2024,3/31/2024
416,1,1,940.9,Standard,4/1/2024,4/1/2024
417,2,0,282.15,Basic,4/3/2024,4/4/2024
418,4,1,270.57,Premium,3/15/2024,4/4/2024
419,4,1,441.4,Standard,3/21/2024,4/4/2024
420,4,0,339.54,Standard,3/21/2024,4/4/2024
421,4,0,676.58,Basic,3/26/2024,4/1/2024
422,1,1,254.02,Standard,3/26/2024,3/30/2024
423,2,0,764.25,Exclusive,3/25/2024,3/31/2024
424,1,0,125.79,Exclusive,3/30/2024,4/5/2024
425,4,1,718.35,Standard,4/6/2024,4/6/2024
426,2,0,498.31,Basic,3/17/2024,3/29/2024
427,1,0,511.25,Basic,3/19/2024,3/30/2024
428,4,0,823.5,Standard,3/25/2024,3/31/2024
429,1,0,982.94,Premium,3/27/2024,4/6/2024
430,1,0,466.08,Exclusive,3/31/2024,3/29/2024
431,1,0,827.68,Basic,3/12/2024,3/29/2024
432,1,0,709.8,Standard,3/19/2024,4/4/2024
433,3,1,562.32,Basic,3/10/2024,3/30/2024
434,4,1,846.44,Basic,4/5/2024,3/29/2024
435,2,0,540.26,Basic,3/11/2024,4/2/2024
436,1,0,485.92,Basic,3/26/2024,4/5/2024
437,4,1,348.37,Exclusive,3/30/2024,4/2/2024
438,4,0,597.37,Exclusive,4/5/2024,3/31/2024
439,1,1,307.22,Exclusive,3/21/2024,4/1/2024
440,3,1,332.3,Basic,3/22/2024,4/2/2024
441,4,1,520.27,Standard,3/23/2024,4/3/2024
442,2,0,792.06,Basic,3/25/2024,4/2/2024
443,3,0,284.98,Premium,3/11/2024,3/29/2024
444,4,1,439.68,Premium,3/31/2024,4/1/2024
445,4,1,462.22,Premium,3/13/2024,3/29/2024
446,2,1,561.94,Standard,4/4/2024,4/2/2024
447,3,1,386.7,Exclusive,3/16/2024,4/6/2024
448,2,0,850.33,Basic,3/10/2024,3/29/2024
449,4,1,375.34,Standard,3/12/2024,4/6/2024
450,1,0,201.51,Premium,3/24/2024,4/6/2024
451,3,1,302.64,Basic,3/24/2024,4/2/2024
452,2,0,114.89,Premium,3/31/2024,4/5/2024
453,4,1,986.02,Exclusive,3/26/2024,3/31/2024
454,1,1,865.96,Exclusive,3/24/2024,4/5/2024
455,2,0,641.46,Premium,3/25/2024,4/6/2024
456,3,1,85.92,Basic,3/29/2024,4/5/2024
457,3,1,822.99,Basic,3/26/2024,4/3/2024
458,4,0,0.72,Basic,3/18/2024,4/4/2024
459,4,1,768.43,Basic,3/22/2024,4/1/2024
460,4,0,40.02,Basic,3/11/2024,4/5/2024
461,4,1,132.74,Exclusive,3/28/2024,4/4/2024
462,2,1,664.47,Exclusive,3/15/2024,4/1/2024
463,4,1,784.14,Premium,4/5/2024,4/4/2024
464,3,0,795.37,Basic,3/18/2024,3/31/2024
465,1,0,155.2,Premium,3/23/2024,3/30/2024
466,2,0,435.55,Premium,3/13/2024,4/5/2024
467,4,1,848.39,Basic,4/5/2024,3/30/2024
468,3,1,311.93,Premium,3/28/2024,4/2/2024
469,3,0,914.69,Basic,4/6/2024,4/1/2024
470,4,1,219.82,Premium,3/11/2024,4/4/2024
471,2,1,445.11,Premium,4/2/2024,4/3/2024
472,4,0,634.1,Exclusive,3/24/2024,3/29/2024
473,1,0,160.44,Exclusive,3/30/2024,4/5/2024
474,3,1,720.92,Standard,4/2/2024,4/2/2024
475,2,0,416.93,Exclusive,3/30/2024,4/6/2024
476,4,1,209.56,Premium,3/17/2024,4/4/2024
477,4,0,601.84,Exclusive,4/1/2024,4/6/2024
478,2,1,23.95,Exclusive,4/6/2024,4/5/2024
479,1,1,425.67,Premium,3/12/2024,4/3/2024
480,4,1,562.97,Exclusive,4/2/2024,3/31/2024
481,3,1,639.42,Basic,3/11/2024,4/1/2024
482,1,0,144.84,Exclusive,3/21/2024,3/30/2024
483,1,0,217.83,Premium,3/15/2024,4/6/2024
484,2,1,934.69,Basic,3/14/2024,4/6/2024
485,4,1,123.99,Standard,4/1/2024,3/31/2024
486,1,1,455.93,Premium,4/3/2024,4/6/2024
487,4,1,466.39,Standard,3/18/2024,4/5/2024
488,1,0,371.43,Exclusive,4/6/2024,4/5/2024
489,4,0,36.3,Premium,4/1/2024,3/30/2024
490,3,1,660.78,Basic,3/29/2024,4/2/2024
491,1,1,585.83,Premium,3/18/2024,3/31/2024
492,1,1,16.35,Premium,3/24/2024,3/31/2024
493,4,0,244.73,Exclusive,3/19/2024,3/31/2024
494,4,1,781.34,Premium,3/9/2024,3/30/2024
495,1,0,575.73,Exclusive,3/22/2024,3/31/2024
496,4,0,113.28,Basic,3/24/2024,4/5/2024
497,2,1,707.38,Standard,3/28/2024,3/30/2024
498,3,0,366.23,Standard,3/9/2024,4/1/2024
499,4,0,672.4,Premium,3/29/2024,4/4/2024
500,3,0,481.25,Basic,3/26/2024,4/3/2024
501,4,0,790.85,Exclusive,3/15/2024,4/5/2024
502,3,0,833.94,Premium,3/24/2024,4/2/2024
503,3,1,915.12,Basic,3/14/2024,3/30/2024
504,2,0,613.02,Exclusive,3/29/2024,4/3/2024
505,1,0,681.65,Basic,3/28/2024,4/4/2024
506,3,0,999.37,Basic,4/4/2024,4/3/2024
507,2,0,244.57,Exclusive,4/6/2024,3/29/2024
508,2,1,129.11,Basic,3/10/2024,4/5/2024
509,2,1,876.25,Premium,3/21/2024,3/31/2024
510,2,1,695.48,Premium,3/22/2024,4/3/2024
511,1,0,268,Standard,3/26/2024,4/1/2024
512,4,0,606.01,Exclusive,3/11/2024,4/3/2024
513,2,1,50.18,Premium,3/25/2024,4/6/2024
514,3,0,192.91,Exclusive,3/13/2024,4/2/2024
515,4,0,344.65,Exclusive,4/1/2024,4/1/2024
516,1,0,117.35,Exclusive,3/10/2024,4/4/2024
517,3,0,259.03,Basic,3/9/2024,4/6/2024
518,3,1,898.38,Standard,3/17/2024,4/4/2024
519,2,1,679.34,Premium,4/6/2024,4/6/2024
520,3,1,20.3,Basic,4/4/2024,3/31/2024
521,1,0,852.77,Premium,3/26/2024,4/4/2024
522,3,0,690.66,Basic,4/4/2024,3/29/2024
523,1,1,158.58,Premium,3/23/2024,4/6/2024
524,2,0,610.57,Basic,3/18/2024,4/1/2024
525,4,0,394.1,Basic,3/14/2024,4/1/2024
526,1,1,719.8,Basic,3/10/2024,4/6/2024
527,2,0,443.46,Standard,3/13/2024,4/3/2024
528,1,0,33.79,Basic,3/30/2024,4/5/2024
529,2,0,994.67,Exclusive,3/9/2024,4/2/2024
530,3,1,867.8,Standard,3/10/2024,4/2/2024
531,3,1,759.43,Basic,4/5/2024,3/29/2024
532,2,1,344.99,Basic,3/31/2024,4/1/2024
533,1,1,47.1,Basic,3/20/2024,3/30/2024
534,3,0,857.44,Premium,4/4/2024,4/6/2024
535,1,1,436.84,Standard,3/12/2024,3/31/2024
536,3,0,425.56,Basic,3/15/2024,3/30/2024
537,2,0,227.94,Premium,3/23/2024,4/2/2024
538,4,0,215.18,Basic,3/18/2024,3/30/2024
539,3,1,449.09,Exclusive,3/12/2024,4/1/2024
540,2,0,661.73,Basic,3/20/2024,3/29/2024
541,1,0,804.39,Exclusive,3/20/2024,4/6/2024
542,2,1,961.05,Exclusive,3/25/2024,4/1/2024
543,1,0,290.79,Standard,3/12/2024,4/1/2024
544,1,0,256.46,Exclusive,4/2/2024,4/4/2024
545,3,1,402.77,Premium,3/21/2024,3/29/2024
546,2,0,874.31,Standard,3/11/2024,4/1/2024
547,4,1,431.73,Standard,4/4/2024,4/2/2024
548,3,1,677.19,Exclusive,3/9/2024,4/3/2024
549,3,0,893.35,Exclusive,3/28/2024,4/6/2024
550,3,1,264.93,Basic,3/31/2024,4/3/2024
551,3,0,184.68,Exclusive,4/3/2024,4/2/2024
552,1,1,122.01,Basic,3/19/2024,4/5/2024
553,2,1,895.59,Standard,4/4/2024,4/1/2024
554,2,0,461.84,Exclusive,4/5/2024,4/2/2024
555,4,1,672.02,Exclusive,4/3/2024,3/30/2024
556,2,0,668.05,Standard,4/6/2024,3/29/2024
557,2,1,935.92,Basic,3/25/2024,3/31/2024
558,4,1,770.49,Basic,3/18/2024,4/4/2024
559,4,0,995.66,Exclusive,3/19/2024,4/4/2024
560,4,0,158.44,Basic,3/31/2024,3/29/2024
561,1,1,281.79,Exclusive,3/22/2024,3/29/2024
562,1,1,868.76,Premium,4/6/2024,4/1/2024
563,1,0,349.4,Premium,4/5/2024,3/29/2024
564,4,1,915.71,Basic,4/3/2024,3/31/2024
565,3,0,951.64,Premium,3/16/2024,3/30/2024
566,4,0,41.05,Basic,3/9/2024,3/30/2024
567,1,0,994.73,Exclusive,3/22/2024,4/3/2024
568,1,0,289.65,Basic,3/15/2024,4/1/2024
569,3,1,23.81,Standard,3/29/2024,3/31/2024
570,2,0,590.95,Basic,3/30/2024,4/6/2024
571,3,0,687,Exclusive,3/20/2024,4/6/2024
572,1,1,699.63,Standard,3/14/2024,3/29/2024
573,1,1,913.83,Exclusive,3/23/2024,4/6/2024
574,2,1,927.75,Premium,3/11/2024,4/4/2024
575,4,1,137.93,Basic,3/10/2024,4/2/2024
576,1,1,727.79,Standard,3/16/2024,4/6/2024
577,3,1,867.63,Exclusive,3/25/2024,3/29/2024
578,1,1,248.54,Exclusive,3/15/2024,3/30/2024
579,4,1,755.9,Basic,3/29/2024,4/3/2024
580,1,0,448.53,Basic,4/5/2024,4/3/2024
581,2,1,562.21,Premium,4/5/2024,4/5/2024
582,1,1,439.14,Premium,3/25/2024,4/1/2024
583,1,0,539.71,Basic,4/4/2024,4/3/2024
584,3,1,758.29,Standard,3/13/2024,4/1/2024
585,1,0,227.79,Premium,4/2/2024,4/2/2024
586,2,0,809.31,Premium,3/11/2024,3/30/2024
587,3,0,75.55,Exclusive,3/18/2024,3/31/2024
588,3,1,119.78,Standard,3/27/2024,4/3/2024
589,1,1,421.09,Standard,3/22/2024,4/2/2024
590,3,1,744.42,Standard,3/23/2024,4/6/2024
591,2,1,863.56,Exclusive,3/11/2024,4/5/2024
592,4,0,625.83,Standard,3/14/2024,3/29/2024
593,2,1,187.08,Premium,3/24/2024,4/5/2024
594,4,0,508.43,Basic,3/15/2024,4/5/2024
595,2,1,49.01,Standard,4/3/2024,3/31/2024
596,4,0,301.59,Exclusive,3/14/2024,3/29/2024
597,4,1,901.4,Basic,3/15/2024,4/6/2024
598,2,1,406.35,Basic,3/30/2024,4/2/2024
599,1,1,285.18,Exclusive,3/28/2024,4/4/2024
600,3,0,401.81,Premium,4/6/2024,4/3/2024
601,3,0,430.5,Basic,3/12/2024,4/3/2024
602,2,0,721.85,Premium,3/21/2024,4/3/2024
603,4,1,442.35,Basic,3/15/2024,3/29/2024
604,4,0,790.5,Exclusive,3/16/2024,4/6/2024
605,4,0,288.57,Premium,3/25/2024,4/3/2024
606,2,1,760.73,Exclusive,3/27/2024,4/6/2024
607,4,0,741.89,Basic,3/31/2024,4/3/2024
608,1,0,272.55,Exclusive,3/14/2024,4/2/2024
609,2,0,361.35,Premium,4/4/2024,4/3/2024
610,2,0,343.97,Exclusive,3/11/2024,4/4/2024
611,4,0,876.99,Premium,3/19/2024,4/3/2024
612,1,0,757.38,Standard,3/31/2024,4/1/2024
613,1,0,162.67,Premium,3/10/2024,4/5/2024
614,4,0,315.68,Standard,3/31/2024,4/2/2024
615,2,1,737.01,Premium,4/2/2024,4/3/2024
616,4,1,582.97,Standard,3/22/2024,4/5/2024
617,2,1,110.85,Premium,3/19/2024,4/5/2024
618,3,0,539.3,Premium,4/3/2024,4/5/2024
619,1,1,494.51,Basic,3/24/2024,4/6/2024
620,4,0,494.52,Standard,3/12/2024,4/3/2024
621,2,1,533.56,Standard,3/17/2024,4/6/2024
622,2,0,784.33,Basic,3/9/2024,4/3/2024
623,2,0,198.14,Standard,4/2/2024,4/4/2024
624,2,1,591,Standard,4/5/2024,4/1/2024
625,2,1,19.1,Standard,3/30/2024,4/5/2024
626,1,0,807.33,Standard,3/14/2024,4/6/2024
627,2,0,62.22,Standard,3/30/2024,3/30/2024
628,2,1,124.29,Standard,3/20/2024,4/4/2024
629,1,0,806.83,Exclusive,3/22/2024,4/3/2024
630,3,0,504.97,Premium,3/29/2024,3/30/2024
631,4,0,427.77,Premium,3/19/2024,4/4/2024
632,2,1,775.88,Premium,3/18/2024,3/30/2024
633,4,0,186.52,Standard,3/22/2024,4/3/2024
634,1,1,783.27,Standard,3/23/2024,3/31/2024
635,4,1,34.74,Exclusive,3/18/2024,4/6/2024
636,1,1,309.68,Premium,3/29/2024,4/5/2024
637,2,1,771.5,Premium,3/31/2024,3/31/2024
638,3,1,351.34,Basic,4/2/2024,4/3/2024
639,3,1,515.06,Standard,4/2/2024,3/30/2024
640,1,1,786.03,Basic,3/24/2024,4/6/2024
641,2,0,339.03,Standard,3/26/2024,3/29/2024
642,3,1,786.91,Exclusive,4/6/2024,4/2/2024
643,1,0,543.54,Exclusive,3/15/2024,4/6/2024
644,1,1,395.12,Exclusive,3/30/2024,4/5/2024
645,4,1,517.74,Basic,3/20/2024,3/30/2024
646,4,0,191.37,Premium,3/24/2024,4/2/2024
647,3,0,238,Premium,3/31/2024,3/30/2024
648,1,0,537.36,Standard,4/5/2024,4/6/2024
649,4,0,682.29,Basic,3/14/2024,4/4/2024
650,4,1,477.67,Basic,3/22/2024,3/30/2024
651,2,0,420.45,Basic,3/28/2024,3/30/2024
652,2,0,706.57,Premium,3/27/2024,4/1/2024
653,3,0,26.51,Basic,3/18/2024,3/31/2024
654,3,1,141.69,Premium,3/17/2024,4/1/2024
655,3,0,655.23,Basic,4/4/2024,4/4/2024
656,2,0,314.57,Premium,3/10/2024,4/1/2024
657,1,1,932.44,Premium,3/20/2024,4/4/2024
658,2,1,882.35,Basic,3/29/2024,4/5/2024
659,1,0,560.03,Basic,4/4/2024,3/30/2024
660,3,0,195.64,Exclusive,3/22/2024,4/3/2024
661,3,0,501.58,Premium,4/4/2024,3/30/2024
662,3,1,245.96,Basic,3/22/2024,4/4/2024
663,2,1,352.67,Basic,4/3/2024,3/31/2024
664,2,0,657.11,Basic,3/21/2024,4/4/2024
665,3,0,410.52,Standard,3/27/2024,3/29/2024
666,2,1,430.26,Basic,3/11/2024,4/5/2024
667,4,0,842.87,Premium,3/21/2024,4/5/2024
668,2,1,578.91,Exclusive,3/21/2024,4/3/2024
669,1,0,634.39,Exclusive,3/12/2024,4/4/2024
670,4,0,417.93,Standard,3/24/2024,4/5/2024
671,3,0,250.7,Exclusive,3/12/2024,4/5/2024
672,4,0,761.36,Standard,3/25/2024,4/1/2024
673,4,1,977.01,Exclusive,4/1/2024,3/31/2024
674,1,0,920.01,Premium,3/26/2024,3/29/2024
675,1,1,138.56,Basic,3/11/2024,3/31/2024
676,4,1,370.29,Standard,3/12/2024,3/29/2024
677,3,0,307.96,Standard,3/29/2024,3/31/2024
678,4,1,288.96,Basic,4/5/2024,4/4/2024
679,2,0,214.33,Premium,3/11/2024,4/4/2024
680,1,0,84.11,Standard,4/6/2024,4/2/2024
681,4,1,278.65,Basic,3/20/2024,4/3/2024
682,2,1,479.73,Exclusive,4/2/2024,3/30/2024
683,3,1,782.23,Basic,3/20/2024,4/5/2024
684,2,1,645.02,Basic,3/22/2024,4/1/2024
685,4,0,13.87,Exclusive,3/29/2024,3/30/2024
686,1,1,712.69,Basic,3/18/2024,3/29/2024
687,3,0,449.26,Exclusive,3/12/2024,4/2/2024
688,1,0,118.6,Standard,3/21/2024,4/1/2024
689,1,1,895.15,Exclusive,3/31/2024,4/3/2024
690,1,0,807.4,Exclusive,3/14/2024,4/5/2024
691,3,1,279.82,Basic,3/20/2024,3/30/2024
692,3,1,581.17,Premium,3/19/2024,3/29/2024
693,2,1,320.09,Exclusive,4/4/2024,4/1/2024
694,1,0,956.1,Premium,3/17/2024,4/2/2024
695,2,1,46.4,Basic,3/11/2024,4/2/2024
696,3,1,302.05,Standard,3/19/2024,4/4/2024
697,3,1,636.75,Standard,3/16/2024,4/4/2024
698,1,1,147.37,Premium,3/18/2024,4/2/2024
699,4,0,454.28,Basic,3/10/2024,4/2/2024
700,4,1,485.47,Basic,3/31/2024,4/1/2024
701,4,0,411.88,Premium,3/26/2024,4/2/2024
702,1,1,392.46,Exclusive,3/27/2024,4/5/2024
703,1,0,953.26,Basic,4/1/2024,4/5/2024
704,3,0,523.98,Premium,3/24/2024,4/5/2024
705,2,1,563.89,Basic,3/25/2024,4/3/2024
706,4,0,553.66,Standard,3/27/2024,4/5/2024
707,3,0,605.55,Premium,3/24/2024,3/29/2024
708,2,0,707.4,Exclusive,4/6/2024,3/31/2024
709,1,1,224.05,Exclusive,3/17/2024,4/1/2024
710,3,0,991.27,Premium,3/29/2024,3/30/2024
711,1,1,544.99,Exclusive,4/6/2024,4/5/2024
712,4,1,627.19,Basic,3/28/2024,4/4/2024
713,4,0,554.96,Premium,4/2/2024,4/6/2024
714,3,0,683.17,Exclusive,3/20/2024,4/5/2024
715,2,0,801.97,Basic,3/27/2024,4/3/2024
716,1,1,641.12,Exclusive,3/26/2024,3/31/2024
717,2,1,600.49,Premium,3/24/2024,4/5/2024
718,4,1,912.5,Standard,3/18/2024,3/29/2024
719,1,1,859.06,Exclusive,3/24/2024,4/2/2024
720,1,0,293.4,Basic,3/26/2024,4/6/2024
721,1,1,594.97,Basic,3/10/2024,4/4/2024
722,4,0,556.55,Exclusive,3/18/2024,4/5/2024
723,2,0,396.48,Premium,3/19/2024,4/4/2024
724,2,1,25.88,Standard,3/17/2024,3/30/2024
725,2,1,0.95,Basic,3/30/2024,4/2/2024
726,2,0,650.36,Basic,3/19/2024,3/31/2024
727,1,0,859.69,Basic,3/15/2024,4/2/2024
728,1,1,0.07,Exclusive,3/12/2024,4/6/2024
729,2,0,649.4,Standard,4/1/2024,4/4/2024
730,4,1,891.79,Standard,3/25/2024,4/6/2024
731,1,0,590.48,Premium,3/16/2024,3/30/2024
732,1,1,591.98,Standard,4/3/2024,4/6/2024
733,4,0,278.29,Exclusive,3/28/2024,4/5/2024
734,1,1,366.24,Basic,3/24/2024,4/5/2024
735,4,0,455.62,Basic,3/21/2024,3/31/2024
736,4,0,107.79,Exclusive,3/14/2024,4/4/2024
737,2,1,696.29,Premium,3/11/2024,3/31/2024
738,4,0,359.61,Premium,3/25/2024,4/4/2024
739,3,1,133.76,Standard,3/14/2024,4/5/2024
740,2,1,99.64,Standard,3/15/2024,4/2/2024
741,4,0,843.67,Premium,3/21/2024,4/1/2024
742,3,0,742.87,Basic,3/28/2024,3/29/2024
743,4,1,11.79,Standard,3/15/2024,3/31/2024
744,2,1,867.59,Standard,4/6/2024,3/30/2024
745,4,0,372.81,Exclusive,3/14/2024,3/31/2024
746,1,1,571.31,Exclusive,3/19/2024,3/31/2024
747,2,1,164.49,Basic,3/24/2024,4/6/2024
748,2,1,476.13,Exclusive,3/22/2024,3/30/2024
749,2,1,254.71,Standard,4/2/2024,4/4/2024
750,4,1,270.4,Standard,3/26/2024,4/5/2024
751,3,1,296.2,Premium,4/3/2024,3/29/2024
752,1,0,723.82,Basic,3/9/2024,3/29/2024
753,4,0,171.48,Exclusive,3/10/2024,4/1/2024
754,4,0,398.23,Exclusive,3/10/2024,4/5/2024
755,2,0,922.21,Standard,3/24/2024,4/3/2024
756,2,1,683.83,Exclusive,4/1/2024,4/4/2024
757,3,1,933.76,Basic,3/23/2024,4/3/2024
758,4,0,585.93,Standard,3/16/2024,4/6/2024
759,4,0,63.91,Basic,4/2/2024,3/29/2024
760,1,0,769.05,Basic,3/24/2024,4/3/2024
761,3,1,356.9,Premium,4/4/2024,3/31/2024
762,3,1,506.88,Exclusive,3/11/2024,4/1/2024
763,3,1,728.64,Premium,3/13/2024,4/2/2024
764,1,0,59.1,Basic,3/21/2024,3/30/2024
765,1,1,141.65,Exclusive,3/26/2024,4/1/2024
766,3,0,399.28,Basic,4/2/2024,4/6/2024
767,3,1,119.04,Premium,3/23/2024,4/3/2024
768,4,1,31.19,Premium,3/14/2024,4/6/2024
769,2,0,811.47,Premium,3/24/2024,3/31/2024
770,4,1,106.58,Exclusive,4/1/2024,4/4/2024
771,3,0,693.09,Exclusive,3/16/2024,4/4/2024
772,2,1,614.16,Exclusive,3/29/2024,3/31/2024
773,3,1,123.87,Basic,3/26/2024,4/4/2024
774,3,0,939.49,Basic,4/6/2024,4/2/2024
775,4,0,581.6,Exclusive,3/27/2024,4/1/2024
776,4,0,386.48,Standard,3/22/2024,4/4/2024
777,2,0,520.43,Exclusive,3/26/2024,4/4/2024
778,3,0,328.11,Standard,4/6/2024,3/30/2024
779,2,1,5.26,Basic,4/3/2024,3/31/2024
780,1,1,852.55,Exclusive,3/12/2024,4/4/2024
781,4,0,703.65,Standard,3/25/2024,4/2/2024
782,1,0,853.1,Exclusive,3/18/2024,4/5/2024
783,3,0,623.64,Basic,4/5/2024,4/1/2024
784,1,0,915.22,Premium,4/6/2024,3/31/2024
785,1,1,794.69,Exclusive,3/29/2024,3/31/2024
786,2,0,564.3,Exclusive,3/19/2024,4/4/2024
787,1,0,72.81,Standard,4/6/2024,3/30/2024
788,3,0,678.02,Premium,4/2/2024,4/2/2024
789,3,1,214.6,Exclusive,3/28/2024,4/2/2024
790,4,1,135.71,Basic,3/12/2024,4/6/2024
791,2,1,360.36,Standard,4/1/2024,3/31/2024
792,4,0,735.15,Standard,3/16/2024,4/3/2024
793,1,1,280.32,Premium,3/13/2024,4/6/2024
794,1,0,212.13,Premium,3/13/2024,4/4/2024
795,4,1,10.95,Basic,3/28/2024,4/6/2024
796,1,0,729.58,Standard,3/26/2024,4/4/2024
797,3,1,250.2,Premium,3/19/2024,4/3/2024
798,3,0,639.26,Exclusive,3/27/2024,4/1/2024
799,3,0,833.78,Basic,3/22/2024,4/6/2024
800,3,1,925.65,Standard,3/11/2024,3/29/2024
801,4,1,123.37,Standard,3/26/2024,4/2/2024
802,3,1,231.73,Basic,3/24/2024,4/4/2024
803,1,0,368.11,Premium,3/19/2024,4/2/2024
804,4,1,341.93,Exclusive,4/5/2024,4/3/2024
805,2,1,27.08,Premium,4/3/2024,4/4/2024
806,4,0,531.93,Basic,3/26/2024,4/1/2024
807,3,0,280.93,Basic,3/28/2024,4/3/2024
808,4,1,188.94,Standard,3/27/2024,4/6/2024
809,1,0,457.8,Exclusive,3/27/2024,4/5/2024
810,1,1,382.82,Basic,3/21/2024,3/30/2024
811,4,1,1.87,Basic,3/24/2024,4/6/2024
812,1,1,572.62,Basic,3/18/2024,4/2/2024
813,1,0,652.2,Premium,3/10/2024,4/4/2024
814,1,1,525.06,Exclusive,3/19/2024,4/6/2024
815,3,1,533.52,Basic,3/25/2024,4/2/2024
816,3,1,714.78,Standard,3/20/2024,4/6/2024
817,1,1,556.9,Exclusive,3/23/2024,4/6/2024
818,1,1,304.45,Premium,3/14/2024,3/29/2024
819,3,0,264.52,Exclusive,3/14/2024,4/5/2024
820,2,1,526.55,Premium,3/13/2024,4/4/2024
821,1,0,557.55,Exclusive,3/14/2024,3/31/2024
822,3,1,352.33,Standard,3/17/2024,3/31/2024
823,4,1,176.29,Premium,4/4/2024,4/3/2024
824,3,1,463.2,Premium,3/14/2024,3/31/2024
825,3,1,346.09,Standard,3/18/2024,4/1/2024
826,4,0,202.51,Basic,3/12/2024,4/5/2024
827,3,0,133.84,Standard,4/1/2024,4/2/2024
828,3,0,258.01,Premium,3/11/2024,3/31/2024
829,2,0,845.58,Premium,4/5/2024,4/6/2024
830,1,0,453.44,Standard,3/16/2024,3/31/2024
831,3,0,916.53,Exclusive,3/30/2024,3/29/2024
832,3,1,120.24,Basic,3/22/2024,4/4/2024
833,1,1,220.82,Basic,3/28/2024,4/4/2024
834,1,0,788.98,Standard,3/11/2024,4/4/2024
835,3,0,408.35,Exclusive,3/19/2024,4/3/2024
836,3,1,729.66,Premium,3/18/2024,4/5/2024
837,3,1,140.08,Standard,3/9/2024,4/4/2024
838,4,0,877.17,Exclusive,4/1/2024,4/1/2024
839,1,0,28.35,Standard,3/15/2024,4/2/2024
840,1,1,552.47,Exclusive,3/23/2024,4/3/2024
841,2,0,74.8,Exclusive,3/27/2024,4/3/2024
842,4,1,878.37,Basic,3/9/2024,4/4/2024
843,4,0,881.53,Exclusive,3/17/2024,3/31/2024
844,1,1,513.74,Standard,4/5/2024,4/1/2024
845,4,0,57.35,Exclusive,3/21/2024,3/30/2024
846,4,1,137.64,Basic,4/6/2024,4/5/2024
847,1,0,313.98,Basic,4/5/2024,4/6/2024
848,1,1,947.51,Premium,3/19/2024,4/1/2024
849,1,0,8.24,Basic,3/18/2024,4/2/2024
850,4,1,531.34,Exclusive,3/14/2024,4/2/2024
851,4,1,796.7,Premium,3/27/2024,4/3/2024
852,2,0,299.19,Basic,4/5/2024,4/1/2024
853,1,1,692.75,Standard,3/20/2024,4/6/2024
854,1,1,442.5,Premium,4/4/2024,4/3/2024
855,2,1,849.48,Premium,4/3/2024,4/4/2024
856,3,0,931.99,Premium,3/22/2024,4/5/2024
857,1,1,469.95,Basic,3/16/2024,4/1/2024
858,1,1,478.63,Basic,3/28/2024,4/1/2024
859,2,0,889.2,Premium,4/6/2024,4/6/2024
860,4,1,876.31,Standard,3/29/2024,4/1/2024
861,3,0,6.06,Standard,4/5/2024,3/31/2024
862,3,1,946.1,Premium,3/31/2024,4/5/2024
863,1,1,527.2,Basic,3/10/2024,4/6/2024
864,2,1,69.53,Basic,4/3/2024,3/31/2024
865,4,0,930.43,Exclusive,3/16/2024,4/5/2024
866,4,0,769.84,Standard,3/9/2024,3/30/2024
867,2,1,347.69,Basic,3/19/2024,3/29/2024
868,2,0,401.94,Basic,4/3/2024,4/2/2024
869,3,1,809.94,Basic,3/9/2024,4/6/2024
870,3,0,905.55,Premium,3/30/2024,4/5/2024
871,3,1,564.74,Basic,3/26/2024,3/29/2024
872,3,1,110.76,Standard,3/14/2024,4/5/2024
873,3,0,814.92,Premium,3/29/2024,3/29/2024
874,4,1,502.56,Basic,3/9/2024,4/4/2024
875,4,1,567.74,Basic,3/22/2024,3/31/2024
876,3,1,499.12,Standard,3/12/2024,4/2/2024
877,4,0,554.88,Premium,3/31/2024,3/30/2024
878,4,1,302.18,Standard,3/23/2024,4/4/2024
879,3,1,411.21,Exclusive,3/25/2024,3/31/2024
880,1,0,12.57,Standard,3/18/2024,4/2/2024
881,3,0,233.13,Exclusive,3/18/2024,4/4/2024
882,3,0,758.33,Standard,3/14/2024,4/4/2024
883,4,0,850.04,Exclusive,3/15/2024,4/5/2024
884,2,1,133.92,Premium,3/23/2024,4/4/2024
885,3,0,17.97,Exclusive,3/12/2024,3/29/2024
886,3,0,943.83,Standard,3/22/2024,3/30/2024
887,3,1,665.34,Standard,3/28/2024,3/30/2024
888,2,0,216.63,Basic,3/10/2024,4/5/2024
889,3,0,15.21,Exclusive,4/4/2024,3/30/2024
890,1,0,433.35,Standard,3/31/2024,3/30/2024
891,2,0,289.61,Basic,3/13/2024,3/29/2024
892,3,1,751.14,Exclusive,3/20/2024,4/2/2024
893,2,0,643.68,Premium,3/25/2024,4/3/2024
894,4,1,641.68,Standard,3/28/2024,4/3/2024
895,3,0,107.61,Exclusive,3/25/2024,3/31/2024
896,1,1,751.79,Standard,3/13/2024,3/30/2024
897,1,1,424.49,Premium,3/10/2024,4/2/2024
898,2,1,288.87,Premium,3/18/2024,4/6/2024
899,2,0,335.8,Premium,3/26/2024,3/29/2024
900,3,0,23.23,Basic,3/30/2024,3/29/2024
901,3,0,8.94,Basic,3/21/2024,4/5/2024
902,2,1,774.96,Premium,3/16/2024,4/1/2024
903,1,0,384.28,Exclusive,3/15/2024,4/3/2024
904,3,0,34.25,Basic,3/19/2024,4/4/2024
905,3,1,609.39,Exclusive,3/20/2024,4/4/2024
906,2,1,252.21,Exclusive,3/31/2024,4/1/2024
907,2,0,929.87,Basic,3/20/2024,4/6/2024
908,4,1,915.66,Exclusive,4/5/2024,3/30/2024
909,2,0,808.39,Exclusive,3/25/2024,4/5/2024
910,3,0,293.75,Premium,3/14/2024,4/2/2024
911,1,1,490.43,Standard,4/4/2024,4/2/2024
912,2,0,211.13,Exclusive,3/29/2024,4/4/2024
913,2,1,67.57,Premium,3/22/2024,4/5/2024
914,3,0,723.25,Standard,3/20/2024,3/29/2024
915,1,1,197.37,Premium,3/27/2024,4/5/2024
916,2,0,13.76,Basic,3/28/2024,3/30/2024
917,4,0,998.98,Basic,3/21/2024,3/29/2024
918,2,1,380.36,Basic,3/12/2024,4/6/2024
919,2,1,694.65,Basic,3/27/2024,4/3/2024
920,3,0,516.81,Exclusive,3/9/2024,3/29/2024
921,4,1,922.28,Standard,3/31/2024,4/4/2024
922,3,1,887.17,Exclusive,3/27/2024,4/2/2024
923,3,1,672.16,Standard,4/4/2024,3/30/2024
924,4,1,240.9,Standard,3/28/2024,4/3/2024
925,2,1,471.05,Standard,4/6/2024,4/2/2024
926,2,1,458.44,Premium,3/16/2024,4/6/2024
927,4,0,179.42,Standard,4/2/2024,3/29/2024
928,1,1,147.18,Exclusive,3/14/2024,4/1/2024
929,1,0,199.56,Standard,3/20/2024,4/2/2024
930,3,1,836.09,Premium,3/29/2024,4/1/2024
931,3,1,256.64,Premium,3/30/2024,4/1/2024
932,1,1,906.22,Basic,3/27/2024,4/3/2024
933,3,1,931.84,Exclusive,3/14/2024,4/5/2024
934,4,0,77.42,Premium,4/4/2024,3/29/2024
935,1,1,238.52,Premium,3/10/2024,4/1/2024
936,3,0,8.67,Exclusive,4/6/2024,4/2/2024
937,4,0,90.12,Standard,3/20/2024,4/2/2024
938,4,1,164.82,Exclusive,3/18/2024,3/29/2024
939,4,1,336.2,Standard,4/6/2024,4/4/2024
940,1,0,227.48,Exclusive,3/12/2024,4/3/2024
941,2,0,915.02,Basic,3/16/2024,4/1/2024
942,1,0,830.87,Basic,3/14/2024,4/4/2024
943,4,1,80.32,Exclusive,4/5/2024,4/6/2024
944,1,1,155.91,Basic,3/30/2024,3/31/2024
945,3,1,386.37,Premium,3/16/2024,4/6/2024
946,3,0,430.17,Basic,4/5/2024,3/31/2024
947,3,0,314.6,Premium,3/27/2024,4/3/2024
948,4,0,683.05,Premium,3/26/2024,4/2/2024
949,3,1,525.39,Standard,3/31/2024,3/29/2024
950,2,1,497.42,Basic,4/5/2024,4/2/2024
951,3,1,269.13,Basic,3/13/2024,4/6/2024
952,2,0,134.47,Basic,3/19/2024,3/30/2024
953,4,1,323.11,Premium,3/18/2024,4/1/2024
954,2,1,207.95,Exclusive,3/16/2024,4/2/2024
955,4,0,447.48,Basic,3/25/2024,4/4/2024
956,4,1,456.44,Standard,3/28/2024,4/1/2024
957,3,0,9.41,Exclusive,3/21/2024,3/30/2024
958,2,0,784.65,Standard,3/19/2024,3/31/2024
959,2,0,429.17,Premium,3/19/2024,4/1/2024
960,4,0,597.16,Exclusive,3/31/2024,3/29/2024
961,1,0,144.15,Standard,3/29/2024,4/2/2024
962,2,1,667.49,Standard,3/14/2024,4/1/2024
963,1,0,0.23,Exclusive,3/23/2024,4/5/2024
964,3,0,829.04,Exclusive,3/19/2024,4/1/2024
965,2,1,607.5,Premium,3/20/2024,4/3/2024
966,4,0,535.7,Basic,3/13/2024,3/31/2024
967,1,0,913.04,Exclusive,3/15/2024,3/30/2024
968,1,1,974.95,Basic,3/25/2024,4/6/2024
969,3,0,600.98,Exclusive,3/23/2024,4/5/2024
970,4,0,895.98,Standard,3/18/2024,3/30/2024
971,2,0,800.72,Basic,3/24/2024,3/29/2024
972,4,0,108.51,Premium,4/4/2024,3/29/2024
973,3,0,335.48,Standard,3/22/2024,3/29/2024
974,1,0,806.33,Exclusive,4/6/2024,4/4/2024
975,2,0,972.43,Standard,3/13/2024,3/30/2024
976,2,1,362.58,Basic,3/16/2024,3/30/2024
977,1,1,367.12,Basic,3/31/2024,3/30/2024
978,4,1,754.46,Premium,3/11/2024,4/3/2024
979,2,0,922.7,Exclusive,3/22/2024,3/29/2024
980,4,1,211.1,Basic,3/26/2024,3/29/2024
981,4,1,426.22,Premium,3/15/2024,4/4/2024
982,3,1,203.36,Standard,3/26/2024,3/31/2024
983,3,1,15.36,Premium,3/31/2024,4/1/2024
984,3,0,69.59,Premium,3/26/2024,4/4/2024
985,2,1,377.9,Standard,3/30/2024,3/30/2024
986,4,1,833.79,Standard,3/16/2024,4/4/2024
987,4,1,451.12,Exclusive,3/30/2024,4/6/2024
988,1,0,514.82,Premium,4/4/2024,4/5/2024
989,1,1,967.88,Exclusive,3/10/2024,4/5/2024
990,3,0,805.45,Standard,3/24/2024,4/3/2024
991,2,1,152.08,Premium,3/30/2024,4/6/2024
992,4,1,138.93,Basic,4/1/2024,3/31/2024
993,2,1,49.35,Standard,3/15/2024,4/1/2024
994,3,1,796.5,Premium,3/29/2024,4/2/2024
995,3,0,853.94,Exclusive,3/22/2024,4/5/2024
996,3,1,462.11,Standard,4/1/2024,3/29/2024
997,3,1,127.38,Basic,3/11/2024,4/6/2024
998,4,0,159.93,Standard,3/31/2024,4/6/2024
999,3,0,934.48,Exclusive,3/9/2024,4/1/2024
1000,4,1,514.06,Premium,4/6/2024,4/6/2024
1001,2,0,261.46,Exclusive,4/6/2024,4/4/2024
1002,2,1,276.77,Premium,3/10/2024,4/5/2024
1003,3,1,196.78,Basic,4/6/2024,3/31/2024
1004,1,1,551.14,Standard,3/28/2024,3/30/2024
1005,4,1,726.19,Premium,3/23/2024,3/31/2024
1006,1,1,186.83,Basic,3/19/2024,4/3/2024
1007,3,1,977.94,Standard,3/25/2024,4/2/2024
1008,1,1,189.54,Basic,4/4/2024,4/2/2024
1009,4,0,103.79,Exclusive,3/11/2024,4/6/2024
1010,2,1,270.92,Standard,3/26/2024,4/3/2024
1011,4,0,721.71,Standard,3/20/2024,4/1/2024
1012,2,1,171.99,Basic,4/1/2024,3/30/2024
1013,1,0,328.69,Standard,4/1/2024,3/31/2024
1014,3,0,808.18,Premium,3/31/2024,4/1/2024
1015,2,0,808.25,Premium,3/24/2024,4/4/2024
1016,4,1,885.41,Standard,3/29/2024,4/1/2024
1017,4,1,794.02,Premium,3/31/2024,3/30/2024
1018,4,0,17.74,Basic,4/6/2024,4/3/2024
1019,1,1,151.91,Exclusive,4/4/2024,4/2/2024
1020,4,1,13.37,Basic,3/16/2024,4/5/2024
1021,2,1,416.22,Exclusive,3/26/2024,4/6/2024
1022,2,0,792.19,Premium,3/22/2024,4/1/2024
1023,4,1,566.37,Premium,3/13/2024,4/1/2024
1024,1,0,947.76,Basic,3/25/2024,3/30/2024
1025,3,1,214.98,Exclusive,3/13/2024,4/1/2024
1026,2,1,723.95,Premium,4/2/2024,4/6/2024
1027,1,1,541.58,Exclusive,3/13/2024,3/29/2024
1028,2,0,636.5,Premium,3/23/2024,4/5/2024
1029,2,1,927.58,Premium,4/5/2024,3/31/2024
1030,1,0,579.32,Basic,4/6/2024,3/29/2024
1031,4,1,684.01,Standard,3/23/2024,3/29/2024
1032,3,0,608.57,Basic,3/14/2024,4/5/2024
1033,1,0,262.11,Standard,3/31/2024,3/31/2024
1034,3,0,190.86,Standard,4/1/2024,3/31/2024
1035,1,0,832.94,Basic,4/3/2024,3/29/2024
1036,2,0,323.83,Standard,3/27/2024,4/6/2024
1037,2,1,722.32,Standard,3/11/2024,4/2/2024
1038,2,1,80.98,Premium,3/18/2024,4/4/2024
1039,2,0,876.82,Exclusive,3/25/2024,4/5/2024
1040,2,1,673.74,Exclusive,3/29/2024,3/31/2024
1041,2,1,458.12,Basic,4/4/2024,4/4/2024
1042,3,1,191.36,Exclusive,3/30/2024,3/30/2024
1043,1,1,475.72,Basic,3/12/2024,4/1/2024
1044,2,0,721.86,Premium,4/5/2024,4/6/2024
1045,3,1,1.86,Exclusive,3/28/2024,4/4/2024
1046,4,0,148.68,Premium,3/18/2024,4/3/2024
1047,1,1,895.67,Exclusive,4/5/2024,4/6/2024
1048,1,1,364.68,Premium,3/11/2024,4/6/2024
1049,2,0,30.63,Premium,3/31/2024,4/5/2024
1050,4,0,654.91,Standard,3/19/2024,3/31/2024
1051,3,1,499.22,Standard,3/31/2024,4/4/2024
1052,1,0,72.21,Exclusive,4/3/2024,4/1/2024
1053,1,1,489.81,Exclusive,3/15/2024,4/6/2024
1054,3,0,599.62,Standard,3/22/2024,4/5/2024
1055,1,0,554.2,Standard,3/16/2024,3/31/2024
1056,2,1,602.83,Premium,3/22/2024,4/5/2024
1057,3,0,978.85,Exclusive,4/6/2024,4/3/2024
1058,1,1,690.35,Premium,4/2/2024,4/2/2024
1059,2,0,977.69,Exclusive,4/6/2024,3/30/2024
1060,4,0,284.74,Standard,3/12/2024,4/1/2024
1061,4,1,937.1,Exclusive,3/9/2024,4/3/2024
1062,4,0,959.67,Basic,3/21/2024,4/4/2024
1063,3,1,145.8,Exclusive,3/23/2024,4/4/2024
1064,2,0,910.55,Exclusive,3/25/2024,4/4/2024
1065,1,1,712.97,Premium,3/20/2024,3/30/2024
1066,4,0,967.62,Basic,3/10/2024,4/2/2024
1067,4,1,440.73,Basic,3/17/2024,4/3/2024
1068,3,1,559.29,Basic,3/24/2024,4/6/2024
1069,2,0,210.97,Exclusive,4/3/2024,4/2/2024
1070,2,0,24.55,Basic,3/18/2024,3/31/2024
1071,1,1,370.65,Exclusive,3/10/2024,4/4/2024
1072,2,0,521.48,Basic,4/4/2024,4/3/2024
1073,2,1,802.31,Exclusive,3/21/2024,3/29/2024
1074,1,1,425.04,Standard,3/24/2024,4/6/2024
1075,1,0,22.28,Premium,3/16/2024,4/3/2024
1076,4,1,405.2,Premium,3/15/2024,4/1/2024
1077,2,1,707.8,Exclusive,3/12/2024,4/6/2024
1078,1,0,641.12,Basic,3/19/2024,3/29/2024
1079,2,1,543.61,Premium,4/5/2024,3/29/2024
1080,1,0,174.54,Basic,4/2/2024,4/1/2024
1081,3,0,753.31,Premium,3/13/2024,3/29/2024
1082,3,1,524.83,Basic,3/12/2024,4/4/2024
1083,1,0,772.08,Premium,3/31/2024,3/29/2024
1084,2,1,463.42,Basic,3/19/2024,4/4/2024
1085,1,1,954.75,Standard,3/11/2024,4/6/2024
1086,4,0,463.62,Premium,3/20/2024,4/3/2024
1087,1,0,924.94,Exclusive,4/6/2024,4/4/2024
1088,3,0,295.28,Exclusive,4/5/2024,4/5/2024
1089,4,1,739.48,Premium,3/20/2024,4/6/2024
1090,3,0,343.35,Exclusive,3/14/2024,3/31/2024
1091,1,0,878.68,Standard,3/14/2024,4/5/2024
1092,1,0,875.03,Basic,3/17/2024,3/31/2024
1093,2,0,508.42,Standard,3/11/2024,3/31/2024
1094,1,1,63.78,Standard,3/26/2024,3/31/2024
1095,3,1,624.59,Basic,4/3/2024,4/2/2024
1096,1,0,958.62,Basic,3/10/2024,3/31/2024
1097,3,1,178.67,Premium,3/27/2024,3/30/2024
1098,1,0,845.57,Exclusive,4/2/2024,3/30/2024
1099,3,0,225.7,Standard,3/15/2024,4/2/2024
1100,1,1,511.98,Standard,3/24/2024,4/2/2024
1101,4,1,600.12,Basic,4/4/2024,4/5/2024
1102,4,1,558.26,Basic,3/10/2024,4/6/2024
1103,2,1,465.35,Basic,3/21/2024,4/6/2024
1104,4,0,165.88,Standard,3/30/2024,4/4/2024
1105,4,1,940.06,Exclusive,3/23/2024,4/3/2024
1106,1,1,831.68,Standard,3/24/2024,4/2/2024
1107,1,1,922.31,Standard,3/13/2024,4/5/2024
1108,2,0,983.45,Exclusive,3/24/2024,4/4/2024
1109,4,1,832.44,Standard,3/11/2024,4/6/2024
1110,4,0,354,Standard,3/19/2024,4/6/2024
1111,4,0,177.01,Basic,3/12/2024,3/29/2024
1112,1,1,410.88,Basic,3/27/2024,3/29/2024
1113,4,0,776.77,Exclusive,3/25/2024,4/4/2024
1114,2,0,795.55,Basic,3/16/2024,4/6/2024
1115,4,1,33.47,Standard,3/17/2024,3/29/2024
1116,4,1,927.07,Premium,3/15/2024,4/3/2024
1117,4,0,158.63,Standard,3/16/2024,4/6/2024
1118,1,1,882.34,Standard,4/1/2024,4/3/2024
1119,1,1,37.79,Basic,3/18/2024,4/4/2024
1120,4,0,194.33,Premium,3/17/2024,4/2/2024
1121,1,0,397.61,Standard,4/1/2024,4/4/2024
1122,2,1,87.15,Exclusive,3/29/2024,3/30/2024
1123,1,1,864.99,Exclusive,3/21/2024,3/31/2024
1124,2,1,152.56,Premium,4/1/2024,4/6/2024
1125,3,0,437.03,Exclusive,3/14/2024,4/4/2024
1126,1,0,933.59,Premium,3/25/2024,4/2/2024
1127,3,0,13.44,Standard,3/14/2024,3/30/2024
1128,3,1,710.47,Basic,3/11/2024,4/3/2024
1129,3,1,345.87,Standard,3/22/2024,4/5/2024
1130,2,0,520.5,Standard,3/29/2024,3/31/2024
1131,3,0,133.26,Standard,3/15/2024,4/5/2024
1132,4,1,750.16,Standard,4/6/2024,3/29/2024
1133,3,0,852.96,Premium,3/14/2024,4/4/2024
1134,2,0,298.42,Exclusive,3/12/2024,4/1/2024
1135,4,1,99.22,Standard,4/5/2024,4/4/2024
1136,1,1,86.43,Basic,4/3/2024,4/1/2024
1137,4,0,479.18,Premium,3/20/2024,4/3/2024
1138,1,0,764.06,Basic,3/15/2024,3/31/2024
1139,3,1,378.42,Exclusive,3/21/2024,3/31/2024
1140,3,1,242.71,Exclusive,3/10/2024,4/4/2024
1141,2,1,508.49,Basic,3/24/2024,4/1/2024
1142,2,1,635.74,Exclusive,3/27/2024,3/30/2024
1143,1,1,690.39,Exclusive,4/2/2024,3/31/2024
1144,4,0,45.18,Exclusive,3/13/2024,4/1/2024
1145,4,1,635.58,Standard,4/3/2024,4/3/2024
1146,4,0,307.01,Exclusive,3/9/2024,4/2/2024
1147,2,0,130.66,Premium,3/19/2024,4/1/2024
1148,2,1,937.16,Basic,3/31/2024,4/6/2024
1149,1,0,795.79,Exclusive,3/10/2024,3/29/2024
1150,4,0,38.17,Premium,3/15/2024,4/3/2024
1151,3,1,405.68,Exclusive,3/29/2024,4/4/2024
1152,3,1,237.66,Premium,3/25/2024,4/6/2024
1153,4,1,393.63,Standard,3/18/2024,4/6/2024
1154,2,1,749.53,Standard,3/10/2024,4/1/2024
1155,2,1,532.65,Basic,4/2/2024,4/4/2024
1156,4,1,336.62,Exclusive,3/29/2024,3/29/2024
1157,4,1,386.32,Premium,3/22/2024,3/30/2024
1158,1,1,299.83,Basic,3/21/2024,4/6/2024
1159,1,1,711.49,Exclusive,3/19/2024,4/2/2024
1160,2,1,65.48,Exclusive,3/10/2024,3/30/2024
1161,3,1,701.93,Premium,3/20/2024,4/3/2024
1162,1,1,316.91,Basic,3/13/2024,3/31/2024
1163,2,0,793.24,Basic,3/19/2024,4/6/2024
1164,4,0,600.63,Exclusive,4/4/2024,4/3/2024
1165,3,0,21.5,Standard,3/24/2024,3/31/2024
1166,1,0,91.38,Basic,4/4/2024,4/2/2024
1167,3,1,754.56,Basic,3/10/2024,4/3/2024
1168,3,1,451.07,Exclusive,3/19/2024,4/5/2024
1169,2,0,621.18,Premium,3/17/2024,3/31/2024
1170,1,0,406.58,Exclusive,3/17/2024,3/31/2024
1171,2,1,572.94,Standard,3/14/2024,4/5/2024
1172,2,1,783.6,Standard,4/6/2024,3/29/2024
1173,3,0,482.5,Standard,3/22/2024,4/3/2024
1174,3,1,602.06,Basic,3/23/2024,4/4/2024
1175,4,0,767.44,Premium,3/11/2024,3/30/2024
1176,4,1,464.52,Basic,3/18/2024,4/4/2024
1177,3,0,351.16,Premium,3/30/2024,4/6/2024
1178,3,0,768.37,Basic,4/2/2024,4/5/2024
1179,3,0,849.18,Premium,3/28/2024,4/3/2024
1180,2,0,118.19,Premium,3/27/2024,4/3/2024
1181,2,0,886.79,Basic,3/10/2024,4/4/2024
1182,4,1,835.43,Premium,4/1/2024,3/29/2024
1183,4,0,967.57,Standard,3/30/2024,3/31/2024
1184,2,1,597.5,Basic,3/14/2024,3/30/2024
1185,2,1,460.46,Standard,4/1/2024,3/31/2024
1186,2,1,605.93,Standard,3/24/2024,4/6/2024
1187,4,1,444.01,Basic,3/19/2024,3/31/2024
1188,1,1,213.86,Basic,3/27/2024,3/31/2024
1189,4,0,777.81,Basic,3/25/2024,4/5/2024
1190,4,1,441.62,Exclusive,4/4/2024,3/29/2024
1191,2,0,617.5,Premium,3/14/2024,4/2/2024
1192,2,1,42.21,Premium,3/31/2024,4/2/2024
1193,2,0,329.47,Standard,3/14/2024,4/1/2024
1194,1,1,765.64,Basic,3/9/2024,4/3/2024
1195,1,1,189.07,Premium,4/3/2024,4/3/2024
1196,4,0,976.01,Exclusive,3/30/2024,3/29/2024
1197,2,0,995.59,Exclusive,3/19/2024,4/5/2024
1198,2,1,326.86,Basic,3/16/2024,4/5/2024
1199,2,0,48.98,Standard,3/19/2024,3/31/2024
1200,1,1,600.65,Basic,3/29/2024,3/29/2024
1201,1,0,918.93,Premium,3/23/2024,3/29/2024
1202,2,0,822.06,Basic,3/22/2024,4/3/2024
1203,3,0,79.01,Standard,3/21/2024,3/29/2024
1204,4,0,776.75,Standard,3/23/2024,4/4/2024
1205,2,0,193.79,Basic,3/14/2024,3/31/2024
1206,2,0,332.58,Basic,3/21/2024,3/31/2024
1207,4,1,609.75,Exclusive,3/14/2024,3/30/2024
1208,2,1,379.16,Exclusive,3/27/2024,4/1/2024
1209,2,0,603.54,Basic,3/16/2024,4/4/2024
1210,2,0,364.8,Basic,3/25/2024,4/1/2024
1211,4,1,87.6,Standard,3/15/2024,4/5/2024
1212,3,0,341.47,Premium,3/20/2024,4/4/2024
1213,2,1,828.49,Premium,3/22/2024,4/1/2024
1214,4,0,289.5,Exclusive,3/28/2024,4/4/2024
1215,1,0,325.91,Standard,3/20/2024,4/2/2024
1216,4,0,518.4,Premium,4/5/2024,4/1/2024
1217,2,0,84.39,Exclusive,3/29/2024,3/29/2024
1218,2,0,523,Premium,3/12/2024,4/5/2024
1219,4,0,631.72,Premium,3/29/2024,4/6/2024
1220,3,1,407.97,Premium,4/3/2024,4/2/2024
1221,1,1,515.79,Premium,3/15/2024,3/31/2024
1222,3,1,871.99,Premium,3/26/2024,4/4/2024
1223,2,1,99.24,Basic,3/11/2024,4/2/2024
1224,1,1,388.43,Premium,3/17/2024,4/4/2024
1225,2,1,715.16,Premium,3/10/2024,4/3/2024
1226,4,1,946.88,Exclusive,3/24/2024,4/2/2024
1227,2,1,524.69,Premium,3/13/2024,3/30/2024
1228,4,0,704.71,Exclusive,3/29/2024,4/5/2024
1229,2,1,539.24,Premium,3/29/2024,3/31/2024
1230,1,1,461.95,Standard,3/13/2024,4/3/2024
1231,1,0,372.49,Premium,3/9/2024,4/3/2024
1232,4,1,808.15,Standard,3/17/2024,4/6/2024
1233,2,0,96.25,Exclusive,3/14/2024,4/4/2024
1234,2,0,81.8,Standard,3/29/2024,4/6/2024
1235,1,0,222.56,Exclusive,3/16/2024,3/29/2024
1236,3,1,218.06,Standard,4/1/2024,3/29/2024
1237,1,1,991.45,Premium,3/23/2024,4/2/2024
1238,2,0,478.35,Exclusive,3/17/2024,3/30/2024
1239,4,0,388.34,Premium,3/18/2024,3/30/2024
1240,4,0,313.23,Premium,3/9/2024,3/29/2024
1241,2,0,877.85,Basic,3/15/2024,4/4/2024
1242,2,0,689.55,Premium,3/20/2024,4/5/2024
1243,2,1,417.16,Standard,3/24/2024,4/6/2024
1244,4,1,170.45,Premium,3/30/2024,3/31/2024
1245,2,0,957.41,Basic,3/19/2024,3/31/2024
1246,4,0,629.83,Basic,3/14/2024,3/31/2024
1247,3,1,99.67,Premium,4/3/2024,4/1/2024
1248,2,1,588.86,Exclusive,3/13/2024,4/6/2024
1249,1,0,278.79,Premium,3/18/2024,4/3/2024
1250,1,1,148.52,Premium,3/24/2024,3/31/2024
1251,4,0,722.05,Exclusive,3/25/2024,3/30/2024
1252,1,1,107.5,Exclusive,3/20/2024,4/3/2024
1253,2,0,576.15,Exclusive,3/27/2024,4/1/2024
1254,4,1,588.96,Basic,3/23/2024,4/3/2024
1255,2,0,47.53,Exclusive,3/14/2024,4/4/2024
1256,3,1,582.77,Basic,3/13/2024,4/1/2024
1257,4,1,758.78,Basic,3/28/2024,4/6/2024
1258,4,1,99.86,Premium,4/2/2024,3/31/2024
1259,4,0,186.91,Basic,3/13/2024,4/2/2024
1260,3,1,95.66,Premium,3/30/2024,4/2/2024
1261,4,1,366.71,Exclusive,3/15/2024,3/29/2024
1262,3,0,17.87,Standard,3/16/2024,4/2/2024
1263,3,0,737.15,Basic,3/15/2024,3/30/2024
1264,1,0,441.74,Basic,3/12/2024,3/29/2024
1265,4,1,258.44,Standard,3/14/2024,4/2/2024
1266,3,1,216.43,Basic,3/30/2024,4/6/2024
1267,1,0,733.28,Basic,3/12/2024,4/4/2024
1268,4,1,615.77,Standard,3/25/2024,4/4/2024
1269,1,0,977.26,Exclusive,3/14/2024,4/6/2024
1270,4,1,976.55,Basic,3/27/2024,3/29/2024
1271,3,0,124.74,Basic,3/11/2024,4/6/2024
1272,2,1,438.46,Exclusive,3/17/2024,3/31/2024
1273,4,1,993.96,Basic,4/3/2024,3/30/2024
1274,3,1,853.55,Premium,4/1/2024,4/2/2024
1275,1,0,693.38,Premium,3/18/2024,3/29/2024
1276,4,1,895.97,Premium,3/26/2024,4/4/2024
1277,2,0,113.49,Exclusive,3/25/2024,4/1/2024
1278,3,0,676.03,Basic,3/25/2024,4/4/2024
1279,4,0,802.58,Basic,3/28/2024,4/3/2024
1280,1,0,702.71,Basic,3/12/2024,4/2/2024
1281,4,1,956.55,Premium,4/5/2024,4/6/2024
1282,2,0,490.24,Premium,3/28/2024,3/31/2024
1283,1,1,995.39,Exclusive,3/25/2024,4/5/2024
1284,3,0,621.53,Standard,3/28/2024,3/29/2024
1285,2,0,745.14,Standard,3/14/2024,4/6/2024
1286,3,0,630.08,Exclusive,4/5/2024,4/1/2024
1287,3,0,439.16,Basic,4/1/2024,4/6/2024
1288,1,0,15.03,Standard,4/2/2024,4/4/2024
1289,2,1,26.97,Premium,3/28/2024,4/5/2024
1290,2,0,788.9,Basic,3/21/2024,4/4/2024
1291,4,1,476.9,Standard,3/24/2024,4/6/2024
1292,3,0,728.78,Standard,3/24/2024,4/6/2024
1293,2,0,422.88,Standard,3/15/2024,4/1/2024
1294,1,0,86.75,Basic,4/4/2024,3/30/2024
1295,1,0,676.76,Exclusive,3/28/2024,4/5/2024
1296,1,1,318.97,Basic,3/16/2024,3/30/2024
1297,2,0,462.73,Standard,3/12/2024,3/31/2024
1298,4,0,886.31,Standard,4/3/2024,4/6/2024
1299,4,1,415.85,Premium,3/27/2024,3/29/2024
1300,2,0,819.83,Exclusive,3/20/2024,3/31/2024
1301,3,1,275.06,Premium,3/17/2024,4/3/2024
1302,2,1,364.79,Premium,3/9/2024,3/31/2024
1303,2,1,519.02,Exclusive,3/23/2024,3/30/2024
1304,1,0,932.19,Exclusive,3/17/2024,4/6/2024
1305,4,1,392.64,Standard,3/10/2024,4/6/2024
1306,2,0,914.86,Premium,3/31/2024,3/31/2024
1307,3,1,514.31,Premium,3/17/2024,3/31/2024
1308,2,1,16.59,Premium,3/15/2024,3/31/2024
1309,1,1,615.94,Standard,3/15/2024,4/6/2024
1310,4,0,837.8,Exclusive,3/13/2024,4/2/2024
1311,1,0,154.88,Exclusive,3/12/2024,3/31/2024
1312,3,0,41.34,Premium,3/25/2024,4/6/2024
1313,1,1,429.45,Basic,3/29/2024,3/31/2024
1314,1,0,817.88,Basic,4/6/2024,4/1/2024
1315,1,1,13.2,Standard,3/12/2024,4/5/2024
1316,3,0,190.05,Standard,3/29/2024,4/5/2024
1317,1,0,217.47,Exclusive,3/9/2024,4/6/2024
1318,3,1,165.12,Premium,4/6/2024,3/31/2024
1319,3,1,813.69,Standard,4/5/2024,4/2/2024
1320,2,1,383.47,Standard,4/3/2024,4/1/2024
1321,2,1,432.5,Premium,3/22/2024,4/4/2024
1322,2,1,551.57,Premium,3/15/2024,4/6/2024
1323,2,1,124.75,Standard,3/26/2024,4/6/2024
1324,1,0,163.84,Exclusive,3/29/2024,3/29/2024
1325,1,0,608.07,Exclusive,4/1/2024,4/2/2024
1326,4,1,581.21,Exclusive,3/10/2024,3/30/2024
1327,4,0,968.78,Premium,3/21/2024,4/5/2024
1328,2,0,36.7,Standard,3/11/2024,4/3/2024
1329,1,0,230.25,Basic,3/16/2024,4/6/2024
1330,4,1,183.78,Exclusive,3/12/2024,4/4/2024
1331,2,1,729.11,Basic,3/23/2024,4/2/2024
1332,2,0,883.68,Standard,3/29/2024,4/5/2024
1333,3,1,165.18,Standard,3/11/2024,4/1/2024
1334,2,1,367.15,Basic,3/26/2024,4/1/2024
1335,4,0,936.72,Basic,3/10/2024,4/6/2024
1336,2,0,751.46,Exclusive,3/21/2024,4/4/2024
1337,4,0,102.06,Standard,3/12/2024,4/3/2024
1338,2,0,496.27,Standard,3/29/2024,3/31/2024
1339,4,0,967.46,Premium,3/20/2024,3/30/2024
1340,4,0,845.61,Premium,3/28/2024,4/4/2024
1341,3,1,306.48,Exclusive,4/2/2024,4/4/2024
1342,4,1,45.36,Standard,3/27/2024,4/2/2024
1343,4,0,68.08,Premium,4/3/2024,4/6/2024
1344,3,1,475.11,Standard,3/10/2024,4/5/2024
1345,4,0,680.63,Standard,3/28/2024,4/5/2024
1346,3,1,647.01,Standard,3/16/2024,4/4/2024
1347,3,0,665.6,Basic,3/17/2024,3/31/2024
1348,2,0,654.42,Exclusive,3/24/2024,4/4/2024
1349,4,1,745.18,Exclusive,3/25/2024,3/31/2024
1350,1,0,908.1,Premium,3/17/2024,4/4/2024
1351,2,1,252.6,Standard,3/22/2024,4/5/2024
1352,3,1,128.22,Exclusive,3/30/2024,3/31/2024
1353,2,1,12.47,Basic,3/20/2024,4/4/2024
1354,2,0,910.41,Premium,4/2/2024,4/3/2024
1355,3,0,968.8,Standard,4/3/2024,4/5/2024
1356,4,0,192.85,Premium,4/2/2024,3/29/2024
1357,2,1,736.36,Premium,3/10/2024,3/31/2024
1358,1,1,734.23,Premium,3/9/2024,3/29/2024
1359,4,1,570.93,Premium,3/18/2024,3/31/2024
1360,1,1,99.24,Premium,3/19/2024,4/2/2024
1361,3,0,133.94,Premium,3/10/2024,4/5/2024
1362,1,0,158.74,Premium,3/31/2024,3/29/2024
1363,2,1,413.21,Basic,3/17/2024,4/4/2024
1364,1,1,203.18,Premium,3/14/2024,4/1/2024
1365,1,0,830.9,Exclusive,3/9/2024,4/6/2024
1366,1,1,331.27,Basic,3/18/2024,4/2/2024
1367,4,0,101.19,Standard,3/15/2024,4/3/2024
1368,1,0,45.67,Basic,3/28/2024,4/3/2024
1369,4,0,319.52,Premium,3/17/2024,4/5/2024
1370,1,1,246.44,Basic,3/30/2024,4/5/2024
1371,3,0,812.09,Premium,4/4/2024,3/30/2024
1372,1,0,729.5,Exclusive,4/5/2024,3/29/2024
1373,1,0,200.34,Standard,4/4/2024,3/30/2024
1374,3,0,146.27,Premium,3/14/2024,3/29/2024
1375,4,0,935.29,Exclusive,3/18/2024,4/6/2024
1376,1,0,577.62,Standard,3/17/2024,4/3/2024
1377,1,1,29.61,Exclusive,4/2/2024,4/1/2024
1378,1,0,931.99,Basic,3/25/2024,3/30/2024
1379,2,1,461.31,Premium,3/19/2024,3/29/2024
1380,1,0,819.23,Standard,3/13/2024,4/6/2024
1381,2,1,864.04,Standard,4/4/2024,3/29/2024
1382,2,0,111.37,Premium,3/14/2024,4/1/2024
1383,4,0,615.71,Standard,4/6/2024,3/30/2024
1384,4,0,591.77,Standard,3/11/2024,4/3/2024
1385,2,1,567.39,Exclusive,3/26/2024,4/3/2024
1386,2,1,929.8,Exclusive,3/17/2024,4/2/2024
1387,2,1,766.14,Premium,3/13/2024,3/31/2024
1388,1,0,880.75,Standard,3/21/2024,4/1/2024
1389,1,1,352.08,Basic,3/24/2024,4/6/2024
1390,4,0,588.22,Exclusive,3/30/2024,3/31/2024
1391,2,1,460.4,Exclusive,3/21/2024,4/3/2024
1392,4,0,145.23,Exclusive,3/10/2024,4/6/2024
1393,2,0,46.95,Basic,3/30/2024,4/1/2024
1394,4,0,334.18,Basic,3/13/2024,4/6/2024
1395,2,0,328.44,Basic,3/17/2024,3/30/2024
1396,4,1,517.88,Basic,3/31/2024,4/5/2024
1397,4,1,921.71,Premium,3/13/2024,4/1/2024
1398,3,0,647.1,Premium,3/23/2024,4/3/2024
1399,1,1,252.7,Basic,4/4/2024,4/3/2024
1400,1,1,668.86,Exclusive,3/25/2024,3/29/2024
1401,4,1,692.43,Exclusive,3/12/2024,4/2/2024
1402,3,0,716.85,Premium,4/1/2024,4/6/2024
1403,1,1,592.73,Premium,3/22/2024,4/6/2024
1404,4,0,375.68,Premium,3/23/2024,4/2/2024
1405,2,0,896.95,Premium,3/12/2024,4/3/2024
1406,1,1,243.07,Basic,3/15/2024,3/29/2024
1407,3,1,643.25,Basic,3/11/2024,3/30/2024
1408,2,1,98.79,Standard,3/31/2024,4/4/2024
1409,3,1,780.02,Basic,3/17/2024,3/29/2024
1410,2,1,284,Exclusive,3/16/2024,4/3/2024
1411,3,0,816.34,Basic,3/21/2024,4/1/2024
1412,4,1,357.89,Basic,3/21/2024,4/2/2024
1413,4,0,80.95,Standard,3/31/2024,4/2/2024
1414,1,0,884.42,Standard,3/29/2024,4/3/2024
1415,4,0,915.09,Standard,3/10/2024,3/29/2024
1416,1,0,985.44,Exclusive,3/11/2024,4/3/2024
1417,3,0,701.19,Exclusive,3/18/2024,4/1/2024
1418,3,0,561.46,Exclusive,3/20/2024,4/4/2024
1419,1,0,320.24,Exclusive,4/1/2024,4/2/2024
1420,1,0,961.84,Standard,3/18/2024,4/1/2024
1421,4,0,251.08,Basic,4/6/2024,4/6/2024
1422,4,1,982.99,Standard,3/26/2024,4/4/2024
1423,3,0,316.45,Standard,3/16/2024,4/5/2024
1424,2,1,874.18,Standard,3/28/2024,3/31/2024
1425,3,0,740.07,Basic,4/1/2024,3/31/2024
1426,2,0,292.99,Exclusive,3/21/2024,4/4/2024
1427,3,0,914.89,Premium,3/30/2024,3/31/2024
1428,2,1,825.02,Premium,3/28/2024,4/1/2024
1429,1,0,850.68,Basic,3/13/2024,3/30/2024
1430,1,0,979.04,Premium,3/31/2024,4/1/2024
1431,4,1,184.95,Basic,3/30/2024,4/1/2024
1432,1,1,168.27,Standard,3/26/2024,4/3/2024
1433,2,1,551.08,Basic,3/13/2024,3/30/2024
1434,1,1,750.95,Premium,3/21/2024,3/29/2024
1435,4,1,674.72,Basic,3/20/2024,3/30/2024
1436,3,0,31.63,Premium,4/2/2024,3/29/2024
1437,2,1,747.78,Premium,3/31/2024,4/3/2024
1438,4,1,752.62,Basic,3/15/2024,3/31/2024
1439,2,0,510.11,Standard,4/4/2024,4/4/2024
1440,1,1,803,Standard,4/4/2024,4/1/2024
1441,2,0,574.76,Standard,3/18/2024,4/5/2024
1442,3,1,30.35,Standard,3/10/2024,4/3/2024
1443,2,0,815.12,Standard,3/30/2024,4/4/2024
1444,3,1,966.2,Exclusive,3/23/2024,4/5/2024
1445,1,0,976.51,Standard,3/31/2024,3/31/2024
1446,1,1,55.93,Basic,3/22/2024,4/3/2024
1447,4,0,635.65,Premium,3/29/2024,3/31/2024
1448,3,1,855.76,Exclusive,4/4/2024,4/3/2024
1449,3,0,631.7,Standard,4/3/2024,4/2/2024
1450,4,0,249.74,Exclusive,3/21/2024,3/30/2024
1451,3,1,584.45,Premium,3/16/2024,4/2/2024
1452,1,0,958.28,Exclusive,4/2/2024,3/29/2024
1453,4,1,511.28,Basic,4/1/2024,3/31/2024
1454,4,1,17.81,Exclusive,4/3/2024,4/1/2024
1455,2,1,832.42,Exclusive,3/18/2024,4/2/2024
1456,2,0,121.48,Exclusive,3/12/2024,4/6/2024
1457,4,0,926.45,Premium,3/21/2024,4/1/2024
1458,2,1,802.52,Standard,3/16/2024,4/6/2024
1459,2,0,652.06,Standard,3/19/2024,4/4/2024
1460,2,1,467.93,Premium,3/24/2024,3/31/2024
1461,2,0,865.6,Premium,4/1/2024,4/2/2024
1462,3,0,671.83,Exclusive,3/18/2024,3/30/2024
1463,4,0,844.68,Basic,3/19/2024,4/3/2024
1464,4,1,85.61,Standard,3/22/2024,4/6/2024
1465,4,1,833.77,Basic,3/21/2024,4/4/2024
1466,3,1,356.2,Exclusive,3/15/2024,4/1/2024
1467,4,0,128.11,Premium,3/13/2024,4/4/2024
1468,4,0,976.51,Standard,3/16/2024,3/31/2024
1469,3,1,624.8,Standard,3/26/2024,4/4/2024
1470,2,1,663.82,Standard,3/27/2024,4/6/2024
1471,2,1,660.73,Exclusive,4/1/2024,3/30/2024
1472,4,0,688.57,Premium,3/13/2024,4/1/2024
1473,4,0,361.04,Standard,3/15/2024,4/4/2024
1474,1,1,359.33,Standard,3/9/2024,3/31/2024
1475,1,0,140.15,Premium,3/9/2024,4/6/2024
1476,4,1,646.29,Standard,3/20/2024,4/5/2024
1477,2,1,326.03,Premium,3/17/2024,3/30/2024
1478,4,1,392.89,Exclusive,4/3/2024,4/5/2024
1479,1,1,59.49,Premium,4/1/2024,4/6/2024
1480,4,0,4.16,Premium,3/20/2024,3/30/2024
1481,1,1,31.17,Exclusive,3/30/2024,4/2/2024
1482,1,0,548.45,Exclusive,3/9/2024,3/31/2024
1483,2,0,30.01,Basic,4/1/2024,4/1/2024
1484,4,0,747.75,Basic,3/12/2024,4/6/2024
1485,1,0,876.9,Standard,3/20/2024,3/30/2024
1486,4,1,634.3,Basic,3/13/2024,3/31/2024
1487,4,0,764.7,Exclusive,3/15/2024,3/31/2024
1488,1,1,814.85,Exclusive,3/9/2024,4/5/2024
1489,1,0,608.33,Basic,3/23/2024,3/29/2024
1490,1,0,451.81,Standard,3/31/2024,4/6/2024
1491,4,0,232.96,Standard,3/23/2024,4/1/2024
1492,2,1,303.57,Standard,3/16/2024,3/31/2024
1493,4,0,132.75,Basic,3/23/2024,4/3/2024
1494,3,1,344.09,Basic,3/22/2024,4/3/2024
1495,1,1,315.87,Exclusive,3/25/2024,4/1/2024
1496,4,1,292.9,Exclusive,3/30/2024,3/29/2024
1497,3,1,475.46,Standard,3/15/2024,3/29/2024
1498,4,0,96.16,Standard,3/19/2024,4/6/2024
1499,4,1,752.28,Premium,3/11/2024,4/4/2024
1500,3,0,861.54,Standard,4/5/2024,4/4/2024
1501,4,1,292.51,Exclusive,3/21/2024,4/5/2024
1502,4,1,58.95,Exclusive,3/20/2024,4/2/2024
1503,3,0,320.56,Standard,3/27/2024,4/1/2024
1504,4,1,709.04,Basic,4/2/2024,4/6/2024
1505,4,1,980.5,Standard,3/29/2024,3/31/2024
1506,2,1,85.32,Exclusive,3/10/2024,4/3/2024
1507,3,0,327.31,Standard,3/13/2024,4/2/2024
1508,4,0,289.74,Exclusive,3/12/2024,4/1/2024
1509,3,0,349.68,Premium,3/24/2024,4/2/2024
1510,2,1,60.18,Exclusive,3/26/2024,4/6/2024
1511,4,1,649.56,Standard,3/26/2024,4/4/2024
1512,3,1,49.26,Standard,3/14/2024,4/5/2024
1513,1,0,677.81,Standard,4/4/2024,3/31/2024
1514,4,0,809.62,Exclusive,4/6/2024,4/2/2024
1515,2,0,386.29,Standard,3/25/2024,4/3/2024
1516,2,1,667.67,Standard,3/20/2024,4/6/2024
1517,2,0,790.99,Standard,4/1/2024,4/1/2024
1518,4,1,839.02,Standard,3/29/2024,4/6/2024
1519,3,0,90.25,Premium,3/31/2024,4/1/2024
1520,3,1,342.27,Standard,4/3/2024,3/30/2024
1521,3,0,761.72,Exclusive,3/15/2024,3/30/2024
1522,1,0,62.18,Exclusive,3/15/2024,3/31/2024
1523,2,1,554.74,Standard,3/15/2024,4/2/2024
1524,3,0,345.71,Basic,3/21/2024,3/30/2024
1525,4,1,621.22,Basic,3/17/2024,4/3/2024
1526,1,1,427.09,Premium,3/29/2024,4/4/2024
1527,4,1,629.86,Exclusive,3/16/2024,3/31/2024
1528,3,0,688.04,Exclusive,3/24/2024,4/5/2024
1529,2,0,751.79,Basic,4/3/2024,4/1/2024
1530,4,1,779.81,Standard,4/5/2024,3/29/2024
1531,3,1,157.41,Premium,4/3/2024,4/1/2024
1532,1,0,741.46,Basic,3/31/2024,4/2/2024
1533,4,1,808.61,Standard,3/16/2024,4/1/2024
1534,4,0,406.3,Standard,3/11/2024,4/4/2024
1535,4,1,330.95,Standard,3/23/2024,4/5/2024
1536,3,0,300.19,Exclusive,3/28/2024,3/29/2024
1537,3,0,430.42,Basic,4/6/2024,4/2/2024
1538,2,1,556.71,Basic,3/29/2024,4/5/2024
1539,4,1,365.74,Standard,4/6/2024,4/1/2024
1540,1,1,786.31,Premium,3/26/2024,4/1/2024
1541,2,0,277.4,Standard,3/30/2024,3/31/2024
1542,3,1,473.08,Standard,3/17/2024,3/31/2024
1543,2,1,965.77,Exclusive,4/5/2024,3/29/2024
1544,3,1,902.59,Premium,4/1/2024,4/1/2024
1545,3,0,719.78,Exclusive,3/21/2024,3/30/2024
1546,3,0,554.74,Basic,3/14/2024,4/6/2024
1547,4,1,770.19,Standard,3/23/2024,4/4/2024
1548,2,0,335.95,Standard,3/31/2024,4/4/2024
1549,4,0,45.11,Basic,3/14/2024,3/31/2024
1550,3,1,176.76,Premium,3/13/2024,4/4/2024
1551,4,0,116.8,Exclusive,3/27/2024,3/31/2024
1552,3,0,82.26,Standard,3/26/2024,4/5/2024
1553,4,0,850.73,Premium,3/13/2024,4/1/2024
1554,3,0,936.15,Standard,3/27/2024,3/30/2024
1555,1,1,472.4,Exclusive,3/29/2024,3/29/2024
1556,2,0,274.73,Premium,3/24/2024,3/31/2024
1557,4,0,233.67,Premium,3/19/2024,4/6/2024
1558,2,0,970.69,Standard,3/22/2024,4/4/2024
1559,1,1,267.13,Standard,3/22/2024,4/2/2024
1560,3,0,381.79,Premium,3/31/2024,3/30/2024
1561,4,1,270.88,Basic,3/22/2024,4/4/2024
1562,4,1,242.94,Premium,3/13/2024,4/5/2024
1563,1,0,957.55,Basic,3/9/2024,3/31/2024
1564,1,1,831.9,Basic,4/2/2024,4/2/2024
1565,4,1,551.49,Exclusive,3/17/2024,4/6/2024
1566,2,0,211.35,Basic,4/6/2024,3/31/2024
1567,4,1,193.91,Premium,3/12/2024,3/30/2024
1568,4,0,247.82,Basic,3/15/2024,3/30/2024
1569,4,1,651.23,Premium,4/6/2024,4/6/2024
1570,4,0,996.38,Exclusive,3/21/2024,3/31/2024
1571,2,0,834.66,Exclusive,4/6/2024,4/1/2024
1572,2,1,1.87,Exclusive,3/22/2024,4/2/2024
1573,1,1,341.93,Exclusive,4/3/2024,4/3/2024
1574,4,0,443.16,Basic,3/27/2024,3/31/2024
1575,1,0,122.9,Standard,3/11/2024,3/29/2024
1576,1,1,229.57,Exclusive,3/28/2024,3/29/2024
1577,1,0,903.49,Exclusive,3/25/2024,4/1/2024
1578,4,0,384.09,Standard,3/31/2024,4/3/2024
1579,4,1,268.13,Basic,3/20/2024,4/3/2024
1580,3,0,93.07,Exclusive,3/9/2024,3/29/2024
1581,4,1,135.63,Basic,3/12/2024,4/4/2024
1582,4,1,479.41,Basic,3/31/2024,4/5/2024
1583,1,0,779.02,Exclusive,3/22/2024,3/30/2024
1584,1,1,769.41,Standard,4/2/2024,3/30/2024
1585,4,0,864.98,Premium,4/2/2024,4/5/2024
1586,2,0,960.05,Standard,3/29/2024,4/3/2024
1587,2,0,601.67,Standard,4/2/2024,4/4/2024
1588,2,1,464.07,Basic,3/12/2024,4/1/2024
1589,2,0,331.03,Exclusive,3/17/2024,3/30/2024
1590,4,0,770.69,Standard,4/3/2024,4/2/2024
1591,3,0,300.41,Standard,4/3/2024,4/6/2024
1592,2,1,894.68,Basic,3/9/2024,3/31/2024
1593,3,1,254.51,Exclusive,3/12/2024,3/30/2024
1594,1,1,858.85,Standard,3/22/2024,4/2/2024
1595,2,1,64.35,Exclusive,4/2/2024,3/31/2024
1596,2,1,640.47,Exclusive,4/5/2024,3/29/2024
1597,3,1,909.88,Exclusive,3/24/2024,4/3/2024
1598,1,0,465.22,Exclusive,4/2/2024,3/30/2024
1599,1,0,975.59,Premium,3/14/2024,4/1/2024
1600,1,0,596.94,Standard,3/19/2024,3/31/2024
1601,4,0,237.35,Exclusive,4/3/2024,4/5/2024
1602,2,0,463.11,Standard,3/13/2024,4/6/2024
1603,1,0,258.22,Premium,3/12/2024,3/30/2024
1604,4,1,383.54,Basic,3/18/2024,3/30/2024
1605,1,1,989.03,Exclusive,4/4/2024,4/2/2024
1606,4,1,75.92,Standard,3/10/2024,4/4/2024
1607,4,0,23.4,Standard,3/26/2024,3/31/2024
1608,2,0,874.75,Exclusive,3/22/2024,3/31/2024
1609,2,0,558.45,Basic,4/3/2024,4/2/2024
1610,4,0,921.95,Basic,3/13/2024,4/2/2024
1611,4,0,496.29,Basic,3/14/2024,4/2/2024
1612,2,0,16.32,Exclusive,4/3/2024,4/5/2024
1613,3,1,259,Standard,4/1/2024,4/6/2024
1614,4,1,993.69,Standard,4/1/2024,3/29/2024
1615,2,1,438.71,Standard,3/20/2024,3/31/2024
1616,1,0,767.07,Premium,3/13/2024,4/4/2024
1617,3,0,410.15,Premium,3/10/2024,4/2/2024
1618,4,1,103.32,Standard,3/27/2024,3/30/2024
1619,2,0,777.73,Standard,3/18/2024,3/30/2024
1620,4,0,534.12,Premium,4/3/2024,3/29/2024
1621,4,1,201.57,Standard,3/13/2024,4/3/2024
1622,4,0,57.14,Standard,3/21/2024,3/31/2024
1623,4,1,413.9,Exclusive,3/25/2024,4/6/2024
1624,1,0,357.71,Premium,3/10/2024,3/30/2024
1625,2,0,39.99,Exclusive,3/11/2024,4/2/2024
1626,1,1,599.74,Basic,3/22/2024,3/29/2024
1627,3,0,171.26,Premium,3/20/2024,4/1/2024
1628,4,0,410.24,Premium,3/29/2024,4/1/2024
1629,4,0,118.79,Exclusive,4/6/2024,4/3/2024
1630,3,0,768.77,Exclusive,4/6/2024,4/2/2024
1631,2,0,236.48,Standard,3/31/2024,3/29/2024
1632,1,1,131.7,Premium,3/26/2024,4/6/2024
1633,4,1,651.79,Exclusive,3/9/2024,4/1/2024
1634,3,1,719.54,Exclusive,3/20/2024,4/6/2024
1635,4,1,355.17,Standard,3/17/2024,4/1/2024
1636,2,1,339.23,Premium,3/23/2024,4/3/2024
1637,1,0,53.01,Exclusive,3/31/2024,4/2/2024
1638,2,0,161.32,Standard,3/25/2024,4/4/2024
1639,4,0,904.99,Standard,3/29/2024,4/3/2024
1640,1,0,934.39,Standard,3/24/2024,3/29/2024
1641,4,1,269.43,Standard,3/19/2024,4/1/2024
1642,4,0,545.24,Standard,3/13/2024,4/1/2024
1643,1,0,322.75,Exclusive,3/12/2024,4/3/2024
1644,1,1,702.12,Standard,4/3/2024,3/29/2024
1645,4,0,157.62,Basic,3/20/2024,4/1/2024
1646,3,0,3.84,Exclusive,4/6/2024,4/1/2024
1647,4,1,753.85,Standard,3/28/2024,3/30/2024
1648,1,1,24.65,Standard,3/28/2024,3/29/2024
1649,1,1,255.03,Exclusive,3/29/2024,4/3/2024
1650,2,1,823.48,Standard,3/26/2024,4/6/2024
1651,4,0,868.91,Premium,3/10/2024,4/5/2024
1652,4,1,27.76,Premium,3/29/2024,3/30/2024
1653,2,0,335.98,Basic,3/19/2024,4/1/2024
1654,1,0,17.6,Standard,3/26/2024,3/29/2024
1655,2,1,736.95,Basic,4/1/2024,4/2/2024
1656,4,1,740.06,Exclusive,3/27/2024,3/31/2024
1657,2,1,48.37,Standard,3/12/2024,4/6/2024
1658,2,1,406.63,Basic,4/4/2024,4/6/2024
1659,2,1,27.07,Standard,3/17/2024,3/29/2024
1660,4,0,562.4,Basic,4/3/2024,3/31/2024
1661,2,0,620.78,Standard,3/14/2024,3/31/2024
1662,3,0,478.95,Basic,3/9/2024,3/30/2024
1663,3,0,69.71,Basic,3/17/2024,4/2/2024
1664,2,1,238.15,Standard,4/6/2024,4/2/2024
1665,4,0,458.97,Premium,3/19/2024,4/3/2024
1666,3,0,501.68,Basic,4/1/2024,4/6/2024
1667,4,1,741.05,Basic,3/19/2024,4/3/2024
1668,4,1,184.93,Exclusive,4/2/2024,4/1/2024
1669,2,0,688.9,Exclusive,3/26/2024,3/29/2024
1670,3,1,60.93,Basic,3/26/2024,4/2/2024
1671,4,1,311.47,Exclusive,3/31/2024,3/29/2024
1672,3,1,118.98,Exclusive,3/26/2024,4/2/2024
1673,4,1,919.81,Basic,3/17/2024,4/4/2024
1674,4,0,136.26,Standard,3/9/2024,4/5/2024
1675,4,1,327.49,Exclusive,3/29/2024,3/30/2024
1676,4,1,152.74,Premium,4/1/2024,4/1/2024
1677,2,0,248.32,Standard,4/5/2024,4/3/2024
1678,3,1,427.94,Standard,3/11/2024,4/4/2024
1679,1,0,350.63,Exclusive,3/13/2024,4/3/2024
1680,1,0,941.2,Exclusive,3/24/2024,3/30/2024
1681,1,0,350.84,Premium,3/22/2024,4/4/2024
1682,1,1,447.74,Basic,3/26/2024,4/4/2024
1683,1,1,592.6,Exclusive,3/20/2024,3/30/2024
1684,3,0,0.33,Basic,4/1/2024,4/2/2024
1685,4,0,710.97,Exclusive,3/21/2024,4/4/2024
1686,4,0,779.17,Exclusive,3/13/2024,4/2/2024
1687,3,1,604.51,Basic,3/17/2024,3/29/2024
1688,1,1,352.2,Exclusive,3/30/2024,4/3/2024
1689,2,0,410.51,Exclusive,3/14/2024,3/30/2024
1690,2,1,283.46,Basic,3/29/2024,4/6/2024
1691,2,1,129.71,Standard,3/27/2024,4/1/2024
1692,2,0,593.23,Basic,3/28/2024,3/30/2024
1693,1,0,573.36,Standard,3/14/2024,4/2/2024
1694,3,0,631.8,Premium,3/23/2024,3/30/2024
1695,3,1,399.85,Standard,3/14/2024,4/3/2024
1696,3,1,580.05,Exclusive,3/20/2024,4/3/2024
1697,1,0,251.82,Standard,3/21/2024,4/3/2024
1698,4,1,313.84,Premium,4/5/2024,4/3/2024
1699,4,0,361.8,Exclusive,3/22/2024,4/1/2024
1700,1,0,437.05,Standard,4/4/2024,3/30/2024
1701,1,1,709.12,Premium,3/10/2024,4/2/2024
1702,1,0,991.03,Standard,3/12/2024,4/2/2024
1703,4,1,82.71,Premium,3/28/2024,4/2/2024
1704,1,1,167.58,Standard,3/11/2024,3/31/2024
1705,3,0,287.52,Basic,3/14/2024,4/2/2024
1706,1,0,233.93,Standard,3/29/2024,3/29/2024
1707,2,1,64.81,Premium,3/14/2024,3/31/2024
1708,1,0,710.31,Basic,4/2/2024,4/4/2024
1709,3,1,599.84,Standard,4/2/2024,4/5/2024
1710,1,0,871.01,Exclusive,3/16/2024,4/5/2024
1711,4,0,602.43,Premium,3/21/2024,4/6/2024
1712,1,1,561.67,Basic,4/3/2024,4/1/2024
1713,2,1,776.85,Basic,3/11/2024,4/5/2024
1714,3,1,792.46,Exclusive,3/9/2024,4/3/2024
1715,1,0,379.51,Standard,3/24/2024,3/29/2024
1716,2,0,336.68,Basic,3/16/2024,3/29/2024
1717,2,1,82.77,Premium,4/2/2024,4/2/2024
1718,4,1,940.98,Standard,3/31/2024,4/6/2024
1719,4,1,802.46,Standard,3/11/2024,4/3/2024
1720,1,0,112.57,Basic,4/3/2024,3/30/2024
1721,4,0,779.66,Exclusive,3/25/2024,3/31/2024
1722,2,1,503.88,Basic,3/9/2024,4/4/2024
1723,3,1,659.41,Exclusive,3/27/2024,4/5/2024
1724,1,0,371.85,Basic,3/31/2024,3/31/2024
1725,3,0,183.66,Basic,3/27/2024,3/31/2024
1726,1,1,362.12,Exclusive,3/26/2024,3/29/2024
1727,1,1,380.56,Premium,3/10/2024,4/5/2024
1728,1,0,774.61,Standard,3/21/2024,4/2/2024
1729,1,1,52.85,Exclusive,3/23/2024,4/1/2024
1730,2,1,77.22,Basic,3/21/2024,3/29/2024
1731,4,1,780.75,Basic,3/11/2024,3/31/2024
1732,3,0,915.74,Basic,3/27/2024,4/4/2024
1733,3,0,887.46,Standard,3/30/2024,4/3/2024
1734,2,1,114.4,Standard,3/16/2024,3/31/2024
1735,4,0,540.24,Exclusive,3/30/2024,4/5/2024
1736,1,1,242.19,Basic,3/28/2024,3/30/2024
1737,1,0,12.25,Premium,3/17/2024,4/6/2024
1738,4,0,66.09,Standard,3/24/2024,4/6/2024
1739,3,1,132.2,Exclusive,3/23/2024,4/4/2024
1740,3,1,379.75,Basic,3/20/2024,3/30/2024
1741,1,1,374.94,Exclusive,3/24/2024,3/29/2024
1742,3,1,641.66,Standard,3/18/2024,4/3/2024
1743,2,0,695.63,Exclusive,3/18/2024,4/2/2024
1744,3,0,749.6,Exclusive,4/2/2024,4/1/2024
1745,1,1,412.1,Premium,4/1/2024,3/29/2024
1746,3,1,555.74,Exclusive,3/11/2024,3/29/2024
1747,1,0,692.16,Standard,3/12/2024,3/30/2024
1748,1,0,898.83,Standard,3/30/2024,4/5/2024
1749,4,0,1.66,Basic,3/30/2024,4/6/2024
1750,2,0,782.78,Standard,3/24/2024,3/31/2024
1751,2,1,989.12,Basic,4/3/2024,4/6/2024
1752,2,1,512.66,Basic,3/13/2024,4/4/2024
1753,2,1,483,Exclusive,3/24/2024,3/31/2024
1754,1,1,857.7,Premium,3/15/2024,4/6/2024
1755,1,0,183.41,Exclusive,3/16/2024,4/5/2024
1756,4,0,365.4,Basic,3/29/2024,4/6/2024
1757,3,1,930.62,Premium,3/28/2024,4/5/2024
1758,2,0,682.94,Exclusive,4/2/2024,4/3/2024
1759,3,1,902.55,Premium,3/28/2024,3/30/2024
1760,2,0,688.53,Premium,3/9/2024,3/30/2024
1761,4,0,510.58,Basic,4/3/2024,4/1/2024
1762,2,0,133.78,Basic,3/29/2024,4/6/2024
1763,3,1,525.48,Basic,3/17/2024,3/30/2024
1764,3,0,971.03,Exclusive,3/24/2024,4/3/2024
1765,1,0,706.65,Premium,3/31/2024,4/1/2024
1766,1,1,709.96,Standard,3/30/2024,3/31/2024
1767,3,0,24.85,Standard,3/31/2024,4/1/2024
1768,2,0,740.07,Premium,4/2/2024,3/31/2024
1769,2,1,238.74,Basic,4/4/2024,3/31/2024
1770,4,1,518.03,Exclusive,3/30/2024,3/29/2024
1771,3,1,650.55,Exclusive,3/16/2024,4/6/2024
1772,4,1,275.14,Standard,3/11/2024,3/30/2024
1773,4,0,558.58,Exclusive,4/2/2024,3/31/2024
1774,3,1,723.39,Exclusive,3/23/2024,4/6/2024
1775,2,0,850.53,Premium,3/30/2024,3/30/2024
1776,4,0,981.31,Exclusive,3/18/2024,4/6/2024
1777,4,1,414.94,Standard,3/17/2024,4/3/2024
1778,3,0,839.65,Basic,3/31/2024,3/31/2024
1779,3,0,841.95,Basic,3/22/2024,4/4/2024
1780,4,0,8.22,Basic,3/16/2024,4/2/2024
1781,2,1,549.17,Premium,3/25/2024,3/29/2024
1782,4,1,526.43,Basic,3/28/2024,3/31/2024
1783,3,0,635.69,Exclusive,4/6/2024,3/31/2024
1784,1,0,249.93,Exclusive,3/10/2024,4/5/2024
1785,4,1,516.19,Basic,4/4/2024,4/6/2024
1786,3,1,120.82,Exclusive,3/24/2024,3/29/2024
1787,1,0,49.33,Standard,3/18/2024,3/30/2024
1788,1,0,617.34,Basic,3/23/2024,3/30/2024
1789,1,0,768.28,Premium,3/28/2024,3/30/2024
1790,4,0,282.51,Exclusive,3/13/2024,4/6/2024
1791,3,0,800.9,Basic,4/6/2024,4/6/2024
1792,2,1,411.84,Exclusive,3/27/2024,3/31/2024
1793,2,1,521.05,Exclusive,4/2/2024,4/2/2024
1794,2,1,719.96,Basic,3/31/2024,3/31/2024
1795,3,1,95.28,Premium,3/31/2024,4/1/2024
1796,2,0,961.53,Exclusive,4/3/2024,4/2/2024
1797,2,0,220.64,Premium,4/3/2024,3/30/2024
1798,1,0,64.9,Standard,4/4/2024,4/4/2024
1799,2,1,557.3,Premium,3/20/2024,3/30/2024
1800,1,0,525.2,Standard,3/29/2024,4/2/2024
1801,1,1,816.54,Exclusive,3/25/2024,4/6/2024
1802,1,0,202.36,Basic,3/22/2024,4/5/2024
1803,3,0,357.01,Exclusive,3/20/2024,4/2/2024
1804,3,1,489.95,Standard,4/1/2024,3/30/2024
1805,2,0,286.87,Premium,3/10/2024,4/6/2024
1806,1,0,737.08,Exclusive,4/3/2024,4/5/2024
1807,3,0,865.63,Basic,3/23/2024,3/30/2024
1808,2,0,724.81,Exclusive,3/20/2024,3/31/2024
1809,3,1,433.98,Standard,3/31/2024,4/1/2024
1810,3,0,16.28,Exclusive,3/19/2024,4/4/2024
1811,3,1,759.55,Basic,3/16/2024,4/4/2024
1812,2,1,84.98,Exclusive,3/19/2024,4/5/2024
1813,2,1,835.13,Basic,3/26/2024,3/29/2024
1814,1,1,368.42,Exclusive,3/22/2024,3/30/2024
1815,2,0,426.05,Basic,3/27/2024,4/2/2024
1816,2,1,481.73,Exclusive,4/5/2024,4/1/2024
1817,1,1,438.4,Standard,3/12/2024,4/6/2024
1818,2,1,596.23,Standard,4/6/2024,4/2/2024
1819,2,0,290.98,Standard,3/12/2024,4/3/2024
1820,4,0,867.85,Basic,4/4/2024,4/1/2024
1821,1,1,615.05,Basic,3/28/2024,4/5/2024
1822,2,1,560.12,Standard,3/16/2024,4/4/2024
1823,3,0,340.72,Basic,3/13/2024,3/29/2024
1824,1,0,478.38,Basic,3/18/2024,4/6/2024
1825,3,0,177.6,Basic,3/14/2024,4/1/2024
1826,4,0,123.37,Exclusive,4/6/2024,3/31/2024
1827,2,0,632.24,Exclusive,3/23/2024,4/4/2024
1828,4,0,512.91,Standard,3/17/2024,3/29/2024
1829,3,1,837.4,Standard,3/17/2024,4/3/2024
1830,3,0,186.78,Basic,3/22/2024,3/30/2024
1831,1,1,19.51,Exclusive,3/9/2024,3/29/2024
1832,2,0,765.43,Standard,4/3/2024,4/5/2024
1833,1,0,953.29,Basic,3/9/2024,3/29/2024
1834,1,0,415.93,Basic,3/11/2024,4/1/2024
1835,3,0,830.8,Basic,3/31/2024,4/5/2024
1836,2,0,296.47,Premium,3/23/2024,3/31/2024
1837,4,0,755.34,Basic,3/26/2024,4/5/2024
1838,2,0,234.26,Exclusive,3/21/2024,4/1/2024
1839,4,0,574.38,Exclusive,3/11/2024,3/31/2024
1840,4,1,0.27,Premium,3/16/2024,3/30/2024
1841,1,0,921.88,Premium,3/31/2024,4/4/2024
1842,3,0,178.73,Exclusive,3/19/2024,3/30/2024
1843,3,1,340.78,Exclusive,3/26/2024,4/3/2024
1844,1,1,985.57,Basic,4/1/2024,3/29/2024
1845,3,1,865.66,Exclusive,3/23/2024,4/5/2024
1846,1,1,271.67,Premium,3/19/2024,4/3/2024
1847,2,0,718.8,Standard,3/24/2024,4/6/2024
1848,4,0,259.39,Premium,4/4/2024,4/3/2024
1849,4,1,251.95,Standard,4/3/2024,3/30/2024
1850,2,0,670.42,Basic,4/5/2024,4/6/2024
1851,3,1,721.67,Exclusive,3/28/2024,4/3/2024
1852,2,1,258.96,Exclusive,3/25/2024,4/3/2024
1853,4,0,187.14,Premium,3/16/2024,4/5/2024
1854,2,0,170.63,Exclusive,3/18/2024,4/5/2024
1855,4,0,747.02,Premium,3/16/2024,4/3/2024
1856,3,0,195.38,Exclusive,3/14/2024,4/1/2024
1857,3,1,568.1,Exclusive,3/28/2024,4/6/2024
1858,1,0,520.97,Exclusive,4/6/2024,4/3/2024
1859,1,1,199.24,Standard,3/30/2024,4/2/2024
1860,3,0,911.91,Standard,3/30/2024,4/6/2024
1861,1,0,184.4,Exclusive,3/11/2024,3/30/2024
1862,4,0,317.56,Standard,3/9/2024,4/5/2024
1863,2,1,453.77,Exclusive,3/10/2024,4/5/2024
1864,2,1,537.26,Basic,3/30/2024,4/1/2024
1865,2,1,373.03,Standard,3/24/2024,3/29/2024
1866,1,1,196.05,Standard,4/2/2024,4/5/2024
1867,2,0,904.21,Standard,3/18/2024,4/2/2024
1868,4,0,642.57,Exclusive,3/15/2024,3/30/2024
1869,1,1,928.77,Exclusive,3/20/2024,4/5/2024
1870,1,1,708.89,Exclusive,3/31/2024,4/5/2024
1871,4,0,87,Premium,3/15/2024,4/3/2024
1872,4,0,900.52,Exclusive,3/18/2024,3/30/2024
1873,3,0,643.68,Exclusive,3/23/2024,4/2/2024
1874,3,0,148.1,Exclusive,4/1/2024,3/30/2024
1875,4,1,371.99,Premium,4/6/2024,4/6/2024
1876,4,0,257.7,Standard,3/25/2024,4/6/2024
1877,2,0,148.73,Premium,4/4/2024,4/3/2024
1878,4,1,62.18,Basic,3/9/2024,4/2/2024
1879,1,1,349.18,Premium,3/9/2024,4/2/2024
1880,3,1,502.87,Standard,3/11/2024,4/4/2024
1881,1,0,391.17,Basic,3/22/2024,4/4/2024
1882,1,0,646.14,Basic,3/17/2024,3/29/2024
1883,3,0,573.86,Basic,3/10/2024,4/3/2024
1884,4,0,998.73,Standard,3/29/2024,4/6/2024
1885,3,1,817.88,Exclusive,3/19/2024,3/31/2024
1886,1,0,484.5,Standard,3/21/2024,3/30/2024
1887,4,0,218.64,Standard,3/14/2024,3/30/2024
1888,3,0,44.88,Basic,3/30/2024,4/4/2024
1889,4,1,974.09,Premium,3/12/2024,3/29/2024
1890,4,0,266.68,Premium,3/13/2024,4/6/2024
1891,2,0,147.91,Basic,3/14/2024,4/1/2024
1892,2,1,557.71,Premium,3/9/2024,3/31/2024
1893,3,1,728.13,Basic,3/18/2024,3/29/2024
1894,2,1,386.54,Premium,3/25/2024,4/1/2024
1895,2,1,430.28,Basic,3/17/2024,4/2/2024
1896,4,1,893.2,Exclusive,3/18/2024,4/4/2024
1897,4,1,373.2,Basic,3/21/2024,3/29/2024
1898,2,0,473.38,Basic,3/10/2024,4/5/2024
1899,3,1,583.95,Basic,4/3/2024,4/6/2024
1900,2,0,635.61,Basic,3/23/2024,3/29/2024
1901,4,0,113.7,Premium,3/31/2024,4/1/2024
1902,4,1,317.43,Basic,3/18/2024,3/29/2024
1903,1,1,460.54,Premium,3/23/2024,3/31/2024
1904,4,0,451.67,Premium,3/14/2024,4/3/2024
1905,2,1,148.29,Exclusive,3/31/2024,4/5/2024
1906,3,0,384.85,Standard,3/9/2024,4/5/2024
1907,4,1,338.25,Basic,3/31/2024,3/29/2024
1908,4,1,41.88,Premium,3/25/2024,4/1/2024
1909,2,0,443.55,Exclusive,4/2/2024,4/4/2024
1910,4,1,397.14,Basic,3/10/2024,3/30/2024
1911,1,1,869.08,Premium,3/19/2024,4/2/2024
1912,3,0,578.52,Premium,3/9/2024,4/4/2024
1913,4,0,291.75,Standard,3/18/2024,4/2/2024
1914,2,0,931.63,Premium,3/11/2024,4/5/2024
1915,1,0,280.65,Basic,3/15/2024,4/1/2024
1916,4,1,110.95,Exclusive,4/1/2024,4/4/2024
1917,1,1,148.76,Premium,3/16/2024,4/3/2024
1918,4,0,665.74,Standard,3/27/2024,4/5/2024
1919,4,1,952.68,Premium,4/4/2024,3/29/2024
1920,3,0,989.43,Premium,3/21/2024,4/1/2024
1921,4,0,362.9,Premium,3/15/2024,4/1/2024
1922,1,0,62.61,Standard,3/20/2024,4/1/2024
1923,3,1,218.25,Premium,3/13/2024,4/5/2024
1924,4,1,943.54,Exclusive,3/11/2024,4/3/2024
1925,2,0,950.59,Standard,4/1/2024,3/30/2024
1926,2,1,198.63,Standard,3/23/2024,3/30/2024
1927,1,1,684.01,Basic,3/10/2024,4/5/2024
1928,4,1,465.91,Basic,3/9/2024,4/1/2024
1929,2,1,792.1,Exclusive,4/4/2024,4/1/2024
1930,4,0,275.67,Standard,3/9/2024,3/29/2024
1931,2,1,418.21,Exclusive,3/27/2024,4/4/2024
1932,4,0,418.66,Premium,3/9/2024,4/1/2024
1933,2,1,264.69,Basic,3/20/2024,4/2/2024
1934,4,1,568.1,Basic,3/28/2024,4/1/2024
1935,2,1,114.37,Standard,3/29/2024,3/30/2024
1936,4,0,403.37,Standard,3/21/2024,4/5/2024
1937,1,1,314.31,Exclusive,3/28/2024,3/29/2024
1938,4,0,691.77,Standard,3/11/2024,3/31/2024
1939,3,1,221.3,Premium,3/22/2024,3/31/2024
1940,3,1,378.43,Standard,3/27/2024,3/30/2024
1941,4,0,964.55,Premium,3/23/2024,4/2/2024
1942,4,0,570.59,Basic,3/15/2024,3/29/2024
1943,4,1,930.38,Exclusive,4/4/2024,4/6/2024
1944,1,0,177.46,Standard,3/10/2024,4/6/2024
1945,3,1,394.14,Exclusive,4/2/2024,3/30/2024
1946,2,1,919.99,Basic,3/18/2024,4/2/2024
1947,2,0,565.73,Standard,3/17/2024,4/2/2024
1948,4,1,860.48,Exclusive,3/15/2024,4/3/2024
1949,4,1,903.96,Exclusive,3/19/2024,4/3/2024
1950,3,1,784.27,Standard,3/29/2024,4/6/2024
1951,1,0,681.79,Standard,4/3/2024,3/29/2024
1952,1,1,558.36,Standard,3/26/2024,4/1/2024
1953,2,0,861.51,Standard,4/5/2024,3/31/2024
1954,3,0,742.77,Premium,3/23/2024,4/2/2024
1955,2,0,377.89,Premium,3/16/2024,4/4/2024
1956,4,0,61.31,Premium,3/26/2024,4/1/2024
1957,4,0,375.39,Basic,3/24/2024,4/6/2024
1958,4,1,373.28,Premium,3/20/2024,4/2/2024
1959,1,0,390.8,Standard,3/15/2024,4/4/2024
1960,1,0,561.14,Premium,4/2/2024,4/3/2024
1961,2,1,478.47,Exclusive,3/22/2024,4/4/2024
1962,2,0,471.75,Exclusive,3/29/2024,4/3/2024
1963,3,0,618.7,Exclusive,3/21/2024,3/31/2024
1964,3,1,28.34,Exclusive,3/9/2024,3/31/2024
1965,3,0,37.05,Basic,3/12/2024,3/30/2024
1966,1,0,288.95,Exclusive,4/4/2024,3/29/2024
1967,2,0,244.96,Premium,3/9/2024,4/2/2024
1968,4,1,426.12,Premium,3/9/2024,3/31/2024
1969,2,1,168.39,Premium,3/29/2024,4/2/2024
1970,3,1,560.96,Basic,3/23/2024,3/30/2024
1971,1,1,539.03,Standard,3/26/2024,4/2/2024
1972,1,1,785.88,Exclusive,3/14/2024,3/29/2024
1973,1,1,9.53,Standard,4/4/2024,3/29/2024
1974,4,0,211.91,Standard,4/4/2024,4/2/2024
1975,1,1,9.77,Basic,3/23/2024,4/2/2024
1976,4,0,893.93,Standard,3/12/2024,4/1/2024
1977,4,0,357.09,Basic,3/18/2024,4/4/2024
1978,2,0,674.84,Premium,3/10/2024,4/4/2024
1979,4,0,370.9,Exclusive,3/11/2024,4/6/2024
1980,3,1,696.62,Basic,3/29/2024,4/1/2024
1981,3,0,955.43,Basic,3/10/2024,4/4/2024
1982,3,1,344.28,Premium,3/14/2024,4/5/2024
1983,1,0,109.72,Premium,4/1/2024,4/1/2024
1984,3,0,723.51,Exclusive,3/30/2024,4/5/2024
1985,3,0,586.42,Basic,4/6/2024,4/1/2024
1986,2,1,524.44,Premium,3/23/2024,4/1/2024
1987,1,0,433.93,Exclusive,3/20/2024,3/29/2024
1988,3,1,771.83,Basic,3/24/2024,4/6/2024
1989,1,0,62.6,Premium,3/31/2024,4/4/2024
1990,1,0,943.02,Premium,3/11/2024,4/3/2024
1991,3,0,664.94,Basic,3/14/2024,3/30/2024
1992,3,1,949.21,Standard,4/4/2024,3/30/2024
1993,3,1,286.03,Standard,3/28/2024,4/1/2024
1994,2,0,894.03,Premium,3/18/2024,4/5/2024
1995,4,0,508.83,Premium,3/12/2024,4/2/2024
1996,1,0,973.76,Standard,4/2/2024,3/29/2024
1997,1,1,839,Standard,3/25/2024,3/30/2024
1998,3,0,126.47,Standard,3/11/2024,3/31/2024
1999,2,1,191.01,Basic,3/9/2024,4/3/2024
2000,4,1,106.02,Premium,4/3/2024,4/3/2024
